chrom,pos,snp_id,p_value
1,26577934,snp_0,1.794e-01
1,11855982,snp_1,8.045e-01
1,21693022,snp_2,1.679e-02
1,10808638,snp_3,1.710e-01
1,26456711,snp_4,1.721e-02
1,18862873,snp_5,8.302e-03
1,4232482,snp_6,4.744e-03
1,6792047,snp_7,2.987e-02
1,18731611,snp_8,8.947e-02
1,26479016,snp_9,5.120e-03
1,1639894,snp_10,1.999e-04
1,2932625,snp_11,3.242e-02
1,8649447,snp_12,2.008e-02
1,17603837,snp_13,8.422e-02
1,24352949,snp_14,6.125e-03
1,583098,snp_15,2.025e-03
1,1078343,snp_16,3.019e-09
1,13383314,snp_17,1.898e-02
1,14845059,snp_18,9.889e-02
1,12790810,snp_19,2.457e-03
1,16348608,snp_20,2.578e-03
1,4378619,snp_21,2.416e-02
1,12271675,snp_22,3.410e-03
1,14790045,snp_23,4.078e-02
1,21188579,snp_24,2.867e-02
1,20034549,snp_25,2.215e-03
1,16923563,snp_26,7.516e-02
1,16936199,snp_27,1.009e-01
1,1729721,snp_28,1.101e-04
1,18657322,snp_29,4.910e-03
1,4208986,snp_30,1.302e-01
1,11190843,snp_31,1.000e-01
1,2628543,snp_32,1.015e-02
1,1195459,snp_33,6.921e-08
1,2923436,snp_34,2.425e-01
1,868855,snp_35,3.769e-06
1,17039236,snp_36,1.617e-02
1,1340418,snp_37,2.456e-09
1,25151408,snp_38,1.036e-02
1,25352625,snp_39,3.129e-03
1,12781646,snp_40,1.162e-02
1,9856081,snp_41,5.711e-03
1,24315665,snp_42,3.350e-03
1,21689176,snp_43,5.998e-01
1,16847067,snp_44,2.451e-02
1,20052097,snp_45,3.079e-03
1,2128240,snp_46,2.056e-01
1,14185979,snp_47,4.481e-01
1,6308584,snp_48,6.505e-02
1,5273659,snp_49,1.029e-02
1,15566178,snp_50,1.428e-03
1,15249294,snp_51,2.011e-02
1,20374548,snp_52,4.892e-03
1,15744662,snp_53,9.125e-03
1,19185078,snp_54,4.899e-02
1,2842803,snp_55,4.095e-03
1,15018324,snp_56,2.892e-02
1,17955722,snp_57,2.371e-02
1,16382354,snp_58,1.571e-03
1,24644842,snp_59,2.125e-02
1,27221749,snp_60,2.869e-03
1,11260171,snp_61,1.208e-02
1,22560441,snp_62,9.904e-02
1,6573593,snp_63,2.190e-02
1,10242132,snp_64,2.122e-02
1,20332766,snp_65,7.726e-02
1,12354125,snp_66,1.314e-03
1,5342,snp_67,7.043e-01
1,7768570,snp_68,7.978e-01
1,3688888,snp_69,2.106e-03
1,179380,snp_70,1.112e-03
1,5866329,snp_71,1.050e-01
1,21068566,snp_72,1.469e-03
1,22456193,snp_73,1.732e-03
1,13961679,snp_74,1.847e-02
1,15609438,snp_75,4.697e-01
1,12571668,snp_76,3.087e-01
1,7236233,snp_77,2.116e-03
1,6823032,snp_78,1.563e-01
1,8200586,snp_79,1.850e-02
1,15539888,snp_80,2.035e-01
1,2108201,snp_81,9.821e-02
1,13176900,snp_82,3.233e-02
1,24550334,snp_83,7.527e-03
1,22379126,snp_84,4.663e-01
1,17538535,snp_85,6.914e-01
1,22073986,snp_86,6.675e-02
1,21303381,snp_87,1.700e-03
1,9131432,snp_88,2.263e-03
1,11859880,snp_89,1.606e-03
1,3291691,snp_90,4.757e-03
1,20417429,snp_91,2.780e-03
1,25359437,snp_92,1.202e-02
1,17263791,snp_93,6.171e-01
1,14319734,snp_94,1.019e-01
1,15426505,snp_95,9.679e-02
1,19054498,snp_96,3.148e-01
1,18395469,snp_97,1.018e-03
1,26516933,snp_98,5.359e-03
1,15708921,snp_99,4.833e-01
1,11795195,snp_100,4.268e-03
1,4041887,snp_101,9.085e-02
1,12994524,snp_102,5.641e-03
1,14968814,snp_103,1.498e-01
1,10882880,snp_104,4.659e-02
1,19057280,snp_105,5.035e-03
1,13132916,snp_106,2.320e-01
1,10795271,snp_107,1.839e-02
1,15324230,snp_108,1.020e-03
1,14316032,snp_109,1.719e-01
1,7270884,snp_110,4.801e-02
1,18698660,snp_111,1.781e-02
1,3072938,snp_112,5.369e-02
1,9974641,snp_113,2.444e-01
1,9408203,snp_114,1.039e-02
1,21018272,snp_115,2.823e-01
1,9549971,snp_116,3.360e-03
1,21922561,snp_117,1.293e-02
1,12028069,snp_118,1.673e-03
1,6376077,snp_119,8.476e-03
1,4259770,snp_120,6.324e-03
1,2343400,snp_121,5.865e-03
1,6637104,snp_122,1.312e-02
1,4032730,snp_123,3.121e-03
1,7856035,snp_124,8.657e-02
1,21963106,snp_125,1.122e-01
1,12867151,snp_126,9.353e-02
1,20208096,snp_127,2.113e-01
1,14921621,snp_128,5.451e-03
1,14986500,snp_129,1.294e-02
1,27097548,snp_130,7.935e-03
1,18248699,snp_131,6.903e-02
1,24741930,snp_132,2.489e-02
1,6975940,snp_133,5.925e-01
1,5480559,snp_134,7.857e-03
1,7408088,snp_135,3.788e-02
1,25810652,snp_136,5.669e-01
1,18033302,snp_137,9.867e-03
1,24928401,snp_138,7.715e-02
1,2946273,snp_139,1.222e-01
1,24123738,snp_140,6.453e-02
1,26755948,snp_141,2.817e-02
1,19380011,snp_142,1.921e-03
1,13235037,snp_143,1.544e-02
1,2403647,snp_144,2.308e-01
1,26400906,snp_145,1.977e-02
1,19455937,snp_146,6.803e-01
1,25185130,snp_147,1.123e-01
1,13378968,snp_148,5.676e-03
1,501704,snp_149,3.927e-02
1,27198376,snp_150,1.157e-03
1,7533617,snp_151,5.849e-01
1,7036646,snp_152,6.425e-02
1,27306443,snp_153,1.068e-03
1,25782258,snp_154,1.413e-03
1,6160158,snp_155,8.744e-02
1,10727760,snp_156,3.508e-01
1,19931651,snp_157,2.593e-02
1,18514521,snp_158,2.374e-03
1,18747413,snp_159,5.234e-02
1,15644576,snp_160,4.920e-02
1,8530473,snp_161,1.459e-02
1,12265804,snp_162,3.641e-01
1,17817566,snp_163,1.722e-02
1,18679835,snp_164,2.255e-01
1,3771464,snp_165,8.295e-03
1,24539932,snp_166,1.848e-03
1,11744092,snp_167,1.855e-03
1,21028340,snp_168,1.033e-02
1,15424632,snp_169,3.046e-01
1,1851849,snp_170,6.664e-03
1,22925479,snp_171,3.317e-01
1,805124,snp_172,1.098e-07
1,8283757,snp_173,5.629e-03
1,22438745,snp_174,1.178e-02
1,20162400,snp_175,3.175e-01
1,5132045,snp_176,3.647e-01
1,715414,snp_177,3.388e-05
1,16722235,snp_178,1.551e-02
1,6305699,snp_179,7.465e-01
1,2170295,snp_180,4.462e-03
1,3661605,snp_181,2.844e-03
1,12800881,snp_182,1.081e-02
1,5023985,snp_183,6.412e-02
1,12939697,snp_184,2.930e-01
1,6179010,snp_185,5.555e-02
1,26456169,snp_186,1.659e-03
1,25947780,snp_187,1.965e-01
1,18332766,snp_188,2.247e-01
1,5586132,snp_189,2.677e-01
1,26070693,snp_190,4.509e-02
1,16850508,snp_191,8.333e-03
1,23669681,snp_192,2.146e-03
1,11675587,snp_193,4.573e-03
1,16601205,snp_194,3.298e-03
1,19667073,snp_195,6.127e-02
1,25645786,snp_196,1.831e-02
1,14641311,snp_197,1.143e-02
1,19227736,snp_198,6.861e-01
1,2985183,snp_199,4.001e-02
1,23969849,snp_200,2.294e-03
1,6710107,snp_201,2.308e-02
1,26866211,snp_202,6.827e-01
1,10578967,snp_203,4.929e-03
1,26286239,snp_204,2.454e-01
1,12003231,snp_205,2.193e-03
1,21127386,snp_206,1.278e-01
1,4546376,snp_207,1.206e-01
1,25096727,snp_208,8.216e-03
1,24677357,snp_209,3.823e-02
1,17643584,snp_210,4.822e-01
1,13671842,snp_211,2.628e-01
1,15987265,snp_212,2.050e-03
1,14921154,snp_213,6.172e-02
1,8832993,snp_214,7.525e-01
1,12389004,snp_215,2.018e-03
1,24462152,snp_216,2.221e-03
1,2462604,snp_217,9.862e-02
1,17711169,snp_218,7.098e-03
1,4478309,snp_219,6.122e-03
1,2490228,snp_220,7.356e-03
1,17315097,snp_221,4.993e-01
1,19314208,snp_222,6.393e-03
1,26630293,snp_223,1.394e-02
1,4366501,snp_224,2.121e-02
1,1198976,snp_225,1.303e-09
1,23557653,snp_226,2.963e-01
1,3948903,snp_227,4.797e-03
1,1401174,snp_228,1.839e-09
1,7885949,snp_229,2.612e-01
1,24537166,snp_230,1.308e-03
1,96475,snp_231,4.921e-03
1,333366,snp_232,3.034e-02
1,13616802,snp_233,3.698e-03
1,16602679,snp_234,3.121e-02
1,5922338,snp_235,1.011e-02
1,12390581,snp_236,4.431e-02
1,16417877,snp_237,8.523e-01
1,24090028,snp_238,1.348e-01
1,17166625,snp_239,3.393e-03
1,5670117,snp_240,2.539e-01
1,1503672,snp_241,4.048e-05
1,15786417,snp_242,1.480e-02
1,9041902,snp_243,4.912e-01
1,2973477,snp_244,1.043e-03
1,4405703,snp_245,1.291e-01
1,18048370,snp_246,7.682e-03
1,15627755,snp_247,1.957e-02
1,26387304,snp_248,5.489e-03
1,9835945,snp_249,6.987e-01
1,20986340,snp_250,9.947e-02
1,24509527,snp_251,3.390e-03
1,20711351,snp_252,2.899e-03
1,1772979,snp_253,1.645e-03
1,8989947,snp_254,5.363e-02
1,5730406,snp_255,2.154e-01
1,1588890,snp_256,2.094e-07
1,2394064,snp_257,6.516e-03
1,16515133,snp_258,4.216e-03
1,19301278,snp_259,4.900e-02
1,23151463,snp_260,1.528e-01
1,15705858,snp_261,1.292e-02
1,25317170,snp_262,1.374e-02
1,13555488,snp_263,6.294e-03
1,13592194,snp_264,3.685e-03
1,24130875,snp_265,1.834e-01
1,7932578,snp_266,2.393e-01
1,3227972,snp_267,3.790e-02
1,21756981,snp_268,5.949e-03
1,5661740,snp_269,1.364e-02
1,11322673,snp_270,6.543e-01
1,9548159,snp_271,3.734e-03
1,5798473,snp_272,1.149e-02
1,18842820,snp_273,1.583e-01
1,1852450,snp_274,3.122e-03
1,3108627,snp_275,9.264e-02
1,10815219,snp_276,1.869e-02
1,26218530,snp_277,3.129e-03
1,5298130,snp_278,3.092e-03
1,25185394,snp_279,3.441e-02
1,12957544,snp_280,7.000e-01
1,3707134,snp_281,3.102e-01
1,12578444,snp_282,2.498e-03
1,24465803,snp_283,3.852e-02
1,22233066,snp_284,1.633e-03
1,1529843,snp_285,5.907e-07
1,15160645,snp_286,7.848e-01
1,15767436,snp_287,9.363e-02
1,25018999,snp_288,4.004e-03
1,1808129,snp_289,8.829e-04
1,10246985,snp_290,2.365e-02
1,4532254,snp_291,1.456e-02
1,5116898,snp_292,4.030e-01
1,21364060,snp_293,1.098e-01
1,23425128,snp_294,7.177e-03
1,7413986,snp_295,4.942e-01
1,23950236,snp_296,7.142e-02
1,22650625,snp_297,1.141e-01
1,14339316,snp_298,2.715e-01
1,10218992,snp_299,6.913e-01
1,5518854,snp_300,4.751e-01
1,13817581,snp_301,3.916e-03
1,24712315,snp_302,3.129e-01
1,9287803,snp_303,3.340e-02
1,23863680,snp_304,1.083e-01
1,8938866,snp_305,4.787e-03
1,2683030,snp_306,1.128e-03
1,14094808,snp_307,1.051e-03
1,5603200,snp_308,6.953e-01
1,10584165,snp_309,2.505e-03
1,3163221,snp_310,1.078e-01
1,1202359,snp_311,2.523e-12
1,24281674,snp_312,4.424e-01
1,20922664,snp_313,5.631e-03
1,613885,snp_314,1.208e-03
1,5476721,snp_315,1.272e-01
1,14535259,snp_316,4.680e-03
1,18326894,snp_317,1.399e-01
1,4300863,snp_318,4.096e-01
1,26168973,snp_319,1.991e-02
1,2795639,snp_320,2.236e-02
1,15001945,snp_321,1.414e-01
1,25758804,snp_322,3.786e-03
1,15676919,snp_323,2.784e-01
1,8503023,snp_324,2.079e-03
1,14761949,snp_325,6.315e-01
1,791725,snp_326,2.942e-04
1,2351732,snp_327,6.221e-02
1,19243166,snp_328,2.093e-03
1,17189434,snp_329,8.206e-03
1,12174789,snp_330,7.960e-02
1,9075245,snp_331,2.320e-01
1,20710274,snp_332,3.652e-03
1,2144904,snp_333,1.690e-03
1,20874824,snp_334,1.884e-02
1,2537332,snp_335,3.829e-03
1,19077184,snp_336,4.603e-01
1,8476101,snp_337,1.119e-02
1,20931220,snp_338,3.647e-02
1,25872689,snp_339,3.358e-01
1,24459584,snp_340,1.544e-01
1,9924987,snp_341,2.565e-01
1,25048436,snp_342,9.452e-02
1,23506290,snp_343,9.816e-02
1,13312716,snp_344,5.717e-01
1,3082692,snp_345,3.451e-02
1,23095982,snp_346,1.310e-01
1,9519906,snp_347,1.798e-02
1,13870967,snp_348,5.665e-02
1,19505198,snp_349,4.309e-01
1,15187206,snp_350,5.505e-01
1,8250169,snp_351,3.892e-02
1,16126214,snp_352,1.763e-01
1,6654657,snp_353,3.026e-01
1,13172571,snp_354,5.690e-01
1,5686517,snp_355,7.990e-03
1,11773699,snp_356,1.144e-03
1,15489267,snp_357,8.720e-02
1,18955221,snp_358,2.750e-01
1,18285417,snp_359,5.873e-03
1,19440635,snp_360,3.031e-03
1,3121901,snp_361,1.554e-02
1,8885346,snp_362,4.591e-01
1,12157858,snp_363,1.100e-01
1,11081316,snp_364,1.532e-02
1,18719706,snp_365,1.551e-02
1,22388696,snp_366,9.642e-02
1,17613207,snp_367,5.870e-01
1,5942490,snp_368,3.469e-01
1,15859470,snp_369,5.282e-03
1,22114899,snp_370,5.207e-03
1,18047190,snp_371,4.109e-02
1,7960300,snp_372,1.362e-02
1,12210931,snp_373,2.204e-01
1,23960520,snp_374,1.164e-01
1,21691827,snp_375,8.817e-03
1,25082221,snp_376,1.537e-03
1,19601270,snp_377,1.780e-03
1,27042581,snp_378,1.702e-02
1,16698442,snp_379,2.781e-02
1,23147060,snp_380,2.723e-03
1,1704292,snp_381,3.426e-05
1,15293171,snp_382,1.156e-03
1,2995615,snp_383,1.311e-01
1,851585,snp_384,8.945e-07
1,19436944,snp_385,5.652e-02
1,11884065,snp_386,2.123e-01
1,4735441,snp_387,3.465e-01
1,15167319,snp_388,2.899e-03
1,9838655,snp_389,5.238e-02
1,7877493,snp_390,2.374e-03
1,3428466,snp_391,8.237e-01
1,17706057,snp_392,3.351e-01
1,24164327,snp_393,1.021e-02
1,26624384,snp_394,3.544e-01
1,3747178,snp_395,3.737e-03
1,23488845,snp_396,2.060e-03
1,18989557,snp_397,1.605e-03
1,17019519,snp_398,4.069e-02
1,11581895,snp_399,3.395e-03
2,11692764,snp_400,2.523e-01
2,19895830,snp_401,1.758e-02
2,27867370,snp_402,1.785e-01
2,16511334,snp_403,5.471e-02
2,17973721,snp_404,7.370e-02
2,32192570,snp_405,1.879e-02
2,23196897,snp_406,4.132e-01
2,15846710,snp_407,8.185e-03
2,4675940,snp_408,6.204e-03
2,32368489,snp_409,1.117e-03
2,25631735,snp_410,3.788e-02
2,2574613,snp_411,2.112e-03
2,2910670,snp_412,3.600e-02
2,24408061,snp_413,1.309e-03
2,2569588,snp_414,1.204e-02
2,26264521,snp_415,1.067e-01
2,1736742,snp_416,8.640e-02
2,25620458,snp_417,3.688e-02
2,16871170,snp_418,3.679e-02
2,24149017,snp_419,5.105e-02
2,31611657,snp_420,3.938e-03
2,9517526,snp_421,7.011e-01
2,30370440,snp_422,5.485e-03
2,23923827,snp_423,1.937e-02
2,2021189,snp_424,3.582e-02
2,5564208,snp_425,6.277e-01
2,32591800,snp_426,3.662e-03
2,20545575,snp_427,1.270e-01
2,2715317,snp_428,2.874e-02
2,28020112,snp_429,1.350e-01
2,4361702,snp_430,1.322e-01
2,28231161,snp_431,8.093e-01
2,3670966,snp_432,2.722e-01
2,19474493,snp_433,3.193e-01
2,14698856,snp_434,3.689e-03
2,8597530,snp_435,7.633e-03
2,15958126,snp_436,3.907e-03
2,28367931,snp_437,8.682e-02
2,2777557,snp_438,3.327e-01
2,30734983,snp_439,3.128e-01
2,16321103,snp_440,1.045e-03
2,25351943,snp_441,1.770e-01
2,14485996,snp_442,1.173e-02
2,6939060,snp_443,6.076e-03
2,11356056,snp_444,1.136e-02
2,24862132,snp_445,4.053e-01
2,5515541,snp_446,5.939e-02
2,9917655,snp_447,5.609e-03
2,24761560,snp_448,2.394e-02
2,12498819,snp_449,7.387e-03
2,15618212,snp_450,3.325e-01
2,28639868,snp_451,8.223e-01
2,30513857,snp_452,4.226e-02
2,22328460,snp_453,1.297e-03
2,22472696,snp_454,6.745e-01
2,30200881,snp_455,1.174e-02
2,31466936,snp_456,4.745e-02
2,30211737,snp_457,2.617e-03
2,11023403,snp_458,1.452e-01
2,3234179,snp_459,1.046e-02
2,12872433,snp_460,4.669e-03
2,24651745,snp_461,6.078e-03
2,19374258,snp_462,2.371e-01
2,11103674,snp_463,8.197e-03
2,5920856,snp_464,2.160e-02
2,22141157,snp_465,3.137e-03
2,393636,snp_466,4.590e-01
2,3419472,snp_467,4.310e-02
2,7220746,snp_468,1.301e-01
2,6354031,snp_469,7.587e-01
2,3025684,snp_470,1.518e-03
2,21608154,snp_471,3.058e-03
2,31279529,snp_472,1.169e-02
2,23301960,snp_473,3.945e-01
2,28184510,snp_474,3.688e-01
2,21601214,snp_475,1.974e-03
2,18628692,snp_476,1.250e-03
2,29486412,snp_477,7.904e-03
2,8336996,snp_478,3.737e-02
2,30808705,snp_479,1.163e-02
2,30364874,snp_480,1.364e-01
2,14051546,snp_481,1.928e-03
2,25335907,snp_482,9.907e-02
2,5330121,snp_483,5.391e-01
2,25573688,snp_484,6.618e-02
2,10947295,snp_485,5.927e-01
2,31447916,snp_486,1.477e-01
2,14498825,snp_487,3.158e-02
2,30558737,snp_488,1.411e-02
2,5872332,snp_489,3.151e-02
2,4734686,snp_490,4.812e-03
2,7186855,snp_491,1.128e-02
2,30032950,snp_492,6.911e-03
2,3399063,snp_493,5.431e-01
2,18802311,snp_494,1.625e-01
2,14673480,snp_495,2.020e-03
2,4898627,snp_496,1.151e-02
2,30700490,snp_497,9.759e-03
2,8768126,snp_498,7.671e-03
2,29769952,snp_499,1.798e-02
2,16960678,snp_500,1.504e-03
2,16147712,snp_501,4.609e-02
2,27776714,snp_502,4.428e-03
2,25846034,snp_503,2.273e-02
2,108841,snp_504,1.365e-03
2,26918698,snp_505,3.372e-02
2,18667362,snp_506,1.555e-03
2,11811601,snp_507,8.681e-03
2,13183785,snp_508,1.216e-02
2,31553823,snp_509,4.814e-01
2,17593954,snp_510,1.304e-03
2,2647742,snp_511,3.927e-02
2,25224925,snp_512,1.094e-02
2,5812311,snp_513,6.823e-01
2,12642397,snp_514,2.435e-01
2,22900708,snp_515,2.020e-03
2,20752902,snp_516,7.766e-02
2,2792729,snp_517,1.211e-02
2,24198697,snp_518,3.445e-01
2,6354465,snp_519,6.711e-03
2,19513171,snp_520,3.212e-02
2,2073017,snp_521,2.267e-02
2,10127079,snp_522,2.371e-02
2,27454245,snp_523,4.213e-02
2,32771772,snp_524,6.930e-01
2,1844689,snp_525,4.227e-03
2,1408978,snp_526,3.993e-01
2,26560881,snp_527,9.581e-03
2,15084456,snp_528,8.906e-03
2,28770768,snp_529,3.240e-01
2,19065620,snp_530,1.666e-03
2,1213602,snp_531,3.406e-01
2,21516865,snp_532,3.630e-02
2,30210982,snp_533,6.530e-01
2,23078894,snp_534,3.672e-01
2,5668522,snp_535,6.348e-01
2,10114128,snp_536,4.061e-03
2,15012525,snp_537,2.796e-01
2,19450548,snp_538,3.447e-03
2,3499241,snp_539,3.044e-02
2,26299963,snp_540,1.992e-01
2,26473667,snp_541,4.928e-02
2,26706250,snp_542,1.129e-03
2,22325315,snp_543,9.852e-02
2,32114241,snp_544,1.782e-02
2,4519357,snp_545,3.038e-03
2,26100090,snp_546,4.961e-03
2,19517773,snp_547,9.126e-02
2,3973599,snp_548,3.415e-01
2,13662265,snp_549,7.869e-03
2,18212030,snp_550,4.528e-02
2,30462947,snp_551,6.760e-01
2,3289830,snp_552,2.820e-03
2,20154765,snp_553,4.528e-03
2,514376,snp_554,3.262e-02
2,208957,snp_555,2.635e-01
2,2933538,snp_556,1.065e-02
2,29187386,snp_557,5.274e-02
2,26571020,snp_558,4.687e-03
2,22784739,snp_559,2.197e-01
2,21055949,snp_560,2.552e-02
2,13559490,snp_561,1.523e-03
2,20092123,snp_562,6.903e-01
2,5923614,snp_563,2.988e-02
2,31273247,snp_564,1.258e-02
2,25753933,snp_565,8.391e-02
2,150394,snp_566,1.798e-01
2,3867051,snp_567,2.432e-02
2,3148848,snp_568,7.628e-02
2,25047880,snp_569,2.279e-02
2,7216132,snp_570,4.759e-03
2,21697720,snp_571,1.363e-01
2,6375075,snp_572,3.981e-03
2,22550606,snp_573,1.238e-03
2,15612396,snp_574,2.691e-01
2,22053645,snp_575,6.650e-01
2,21221649,snp_576,1.285e-01
2,14304558,snp_577,9.201e-02
2,26496708,snp_578,5.161e-03
2,1425529,snp_579,5.831e-03
2,30436153,snp_580,2.699e-01
2,25849664,snp_581,3.304e-02
2,3819572,snp_582,2.039e-03
2,23740569,snp_583,1.590e-02
2,10727384,snp_584,2.310e-01
2,22274461,snp_585,9.755e-02
2,25635206,snp_586,9.725e-02
2,3227181,snp_587,5.938e-03
2,28626986,snp_588,6.953e-02
2,7261764,snp_589,3.636e-02
2,15941316,snp_590,2.104e-03
2,4769855,snp_591,1.632e-03
2,14973241,snp_592,6.418e-02
2,4488923,snp_593,6.707e-03
2,20799108,snp_594,1.181e-03
2,6654534,snp_595,3.756e-01
2,22779875,snp_596,5.943e-01
2,4492111,snp_597,2.739e-03
2,15091320,snp_598,2.786e-01
2,11306702,snp_599,2.163e-03
2,19864985,snp_600,4.177e-03
2,20995841,snp_601,1.400e-02
2,5592386,snp_602,1.225e-03
2,28137227,snp_603,4.953e-01
2,28202049,snp_604,3.212e-02
2,32766201,snp_605,1.603e-02
2,27544373,snp_606,1.338e-01
2,24024068,snp_607,6.002e-03
2,8117113,snp_608,9.649e-02
2,19069612,snp_609,2.085e-03
2,19474543,snp_610,3.240e-01
2,18879852,snp_611,8.610e-01
2,32256761,snp_612,6.789e-01
2,15488652,snp_613,4.815e-03
2,1106414,snp_614,2.417e-02
2,15772218,snp_615,3.943e-03
2,27027779,snp_616,4.124e-02
2,7914964,snp_617,2.007e-02
2,408826,snp_618,6.183e-03
2,31261263,snp_619,3.618e-01
2,9734132,snp_620,1.095e-02
2,2985806,snp_621,3.425e-02
2,10031832,snp_622,7.503e-03
2,28233258,snp_623,5.566e-03
2,803420,snp_624,4.057e-02
2,25400227,snp_625,2.350e-03
2,13339957,snp_626,4.168e-03
2,12190123,snp_627,3.805e-02
2,20844562,snp_628,2.581e-03
2,2326611,snp_629,2.062e-03
2,10955569,snp_630,7.137e-01
2,14015967,snp_631,1.426e-01
2,31134945,snp_632,2.238e-02
2,26145408,snp_633,4.230e-03
2,2664271,snp_634,2.246e-03
2,24213065,snp_635,6.142e-01
2,31109498,snp_636,9.115e-03
2,29222361,snp_637,4.194e-01
2,12031186,snp_638,1.329e-02
2,12030538,snp_639,2.710e-01
2,18389169,snp_640,5.654e-01
2,23343492,snp_641,2.219e-01
2,32291894,snp_642,1.762e-01
2,3737056,snp_643,3.455e-02
2,30906309,snp_644,1.732e-02
2,31563032,snp_645,2.143e-01
2,24517667,snp_646,1.927e-01
2,11607347,snp_647,1.450e-01
2,22385502,snp_648,1.357e-01
2,2085408,snp_649,8.542e-02
2,16001184,snp_650,2.490e-02
2,4038230,snp_651,7.178e-03
2,22322368,snp_652,2.388e-02
2,9618093,snp_653,1.313e-02
2,26323942,snp_654,1.449e-03
2,26616568,snp_655,1.494e-03
2,2159730,snp_656,2.084e-03
2,15068125,snp_657,5.170e-01
2,29550395,snp_658,1.257e-01
2,31481523,snp_659,4.240e-01
2,9080967,snp_660,7.827e-03
2,16333624,snp_661,2.338e-03
2,17135248,snp_662,1.258e-02
2,9647878,snp_663,1.230e-03
2,17818019,snp_664,3.635e-01
2,11409517,snp_665,4.371e-02
2,21215844,snp_666,1.230e-01
2,2071598,snp_667,2.389e-03
2,7645657,snp_668,1.429e-03
2,21215436,snp_669,5.439e-02
2,11280917,snp_670,1.107e-02
2,10738379,snp_671,1.583e-02
2,22933002,snp_672,2.927e-03
2,14652887,snp_673,1.130e-01
2,4342467,snp_674,4.182e-03
2,5651676,snp_675,1.524e-01
2,15935899,snp_676,1.220e-03
2,25331604,snp_677,6.463e-01
2,11620814,snp_678,4.027e-02
2,5474822,snp_679,1.674e-03
2,23424943,snp_680,1.284e-01
2,32027125,snp_681,2.978e-03
2,22801224,snp_682,9.644e-03
2,5051013,snp_683,1.771e-01
2,1354248,snp_684,1.037e-01
2,4162102,snp_685,1.520e-01
2,6071576,snp_686,1.953e-02
2,1141579,snp_687,1.035e-01
2,11315621,snp_688,7.078e-02
2,17766406,snp_689,2.954e-01
2,9923995,snp_690,1.717e-03
2,13313694,snp_691,2.997e-02
2,4784421,snp_692,3.970e-02
2,10538014,snp_693,8.656e-01
2,24303044,snp_694,1.180e-03
2,10902076,snp_695,7.395e-03
2,15595870,snp_696,1.245e-01
2,31066299,snp_697,1.140e-03
2,18880733,snp_698,3.282e-01
2,18601137,snp_699,1.882e-03
2,14549199,snp_700,8.261e-03
2,24077472,snp_701,1.970e-03
2,4588264,snp_702,2.112e-02
2,10138641,snp_703,5.824e-02
2,27672320,snp_704,4.309e-02
2,3043450,snp_705,6.133e-01
2,21104883,snp_706,1.694e-02
2,7310506,snp_707,1.548e-03
2,9146272,snp_708,7.647e-01
2,17718547,snp_709,4.324e-02
2,22100216,snp_710,4.923e-01
2,16842355,snp_711,2.379e-01
2,10457054,snp_712,1.462e-02
2,31046311,snp_713,1.862e-03
2,11882241,snp_714,3.263e-01
2,28097738,snp_715,7.238e-02
2,12269456,snp_716,1.289e-01
2,11562701,snp_717,1.165e-03
2,28772293,snp_718,4.916e-01
2,23952840,snp_719,4.361e-02
2,32665263,snp_720,3.794e-03
2,9498623,snp_721,3.743e-03
2,31933485,snp_722,5.008e-02
2,29500471,snp_723,3.454e-01
2,19323440,snp_724,4.967e-01
2,6837932,snp_725,3.547e-02
2,28549305,snp_726,1.095e-03
2,2175796,snp_727,1.311e-03
2,24882868,snp_728,4.887e-01
2,13474892,snp_729,1.789e-03
2,13641193,snp_730,2.043e-02
2,23373435,snp_731,5.273e-03
2,4506115,snp_732,2.519e-01
2,12563608,snp_733,2.071e-02
2,1389838,snp_734,3.255e-03
2,27465266,snp_735,1.131e-01
2,18405314,snp_736,3.827e-02
2,883274,snp_737,8.766e-01
2,8644407,snp_738,1.348e-03
2,27454007,snp_739,3.598e-02
2,21516254,snp_740,2.073e-03
2,13728163,snp_741,3.155e-02
2,22636150,snp_742,1.690e-01
2,3927828,snp_743,1.356e-01
2,32722386,snp_744,5.665e-01
2,24535730,snp_745,1.721e-02
2,18612427,snp_746,2.446e-03
2,20666648,snp_747,3.513e-02
2,22846830,snp_748,3.956e-01
2,16866653,snp_749,1.790e-02
2,27817222,snp_750,2.948e-01
2,1925511,snp_751,1.016e-01
2,28904440,snp_752,3.550e-01
2,5374311,snp_753,1.398e-01
2,13805737,snp_754,1.817e-03
2,11715046,snp_755,1.244e-01
2,17428950,snp_756,1.541e-03
2,16910772,snp_757,4.886e-03
2,6030470,snp_758,4.690e-01
2,24768163,snp_759,2.218e-02
2,28711129,snp_760,3.242e-03
2,22541503,snp_761,1.153e-01
2,22557187,snp_762,8.306e-03
2,3153770,snp_763,1.733e-02
2,27094370,snp_764,8.165e-01
2,17052420,snp_765,7.073e-02
2,15957485,snp_766,8.832e-02
2,29973015,snp_767,4.445e-01
2,5086229,snp_768,1.985e-01
2,6200585,snp_769,2.012e-03
2,20187242,snp_770,3.143e-03
2,17298647,snp_771,2.401e-02
2,18136507,snp_772,5.235e-03
2,3750517,snp_773,3.904e-02
2,2514249,snp_774,3.423e-03
2,30388383,snp_775,3.431e-02
2,10253534,snp_776,7.593e-02
2,26887831,snp_777,2.115e-03
2,19667949,snp_778,4.982e-03
2,11256323,snp_779,7.175e-03
2,946444,snp_780,3.524e-03
2,7317548,snp_781,2.645e-03
2,4684886,snp_782,1.913e-01
2,4124936,snp_783,3.680e-01
2,2586801,snp_784,8.167e-03
2,25801542,snp_785,5.256e-01
2,25494258,snp_786,5.198e-03
2,1399185,snp_787,4.285e-01
2,26098560,snp_788,2.724e-02
2,1950352,snp_789,3.974e-01
2,8326357,snp_790,5.683e-01
2,21969523,snp_791,5.298e-03
2,25746949,snp_792,1.721e-03
2,6759523,snp_793,1.957e-03
2,6080963,snp_794,8.184e-02
2,2987445,snp_795,2.849e-03
2,30995066,snp_796,1.416e-03
2,11446912,snp_797,2.995e-01
2,16475319,snp_798,6.321e-03
2,7958109,snp_799,1.853e-02
3,19117210,snp_800,4.994e-03
3,12335393,snp_801,6.892e-03
3,22491871,snp_802,2.775e-01
3,17587794,snp_803,8.654e-01
3,16919088,snp_804,1.673e-03
3,21470529,snp_805,2.746e-03
3,11072945,snp_806,7.772e-03
3,4318139,snp_807,9.185e-03
3,2503390,snp_808,3.073e-03
3,22889274,snp_809,5.000e-02
3,11995127,snp_810,5.593e-02
3,17760205,snp_811,1.054e-01
3,10867359,snp_812,2.611e-02
3,11565123,snp_813,7.661e-02
3,6724052,snp_814,6.602e-03
3,1918469,snp_815,3.116e-02
3,8975186,snp_816,4.000e-02
3,17171587,snp_817,8.379e-03
3,19618793,snp_818,1.922e-01
3,9500034,snp_819,1.108e-03
3,9982391,snp_820,2.646e-03
3,20870540,snp_821,3.827e-03
3,21904495,snp_822,7.346e-02
3,298235,snp_823,9.146e-03
3,15676918,snp_824,6.035e-02
3,12191326,snp_825,9.001e-03
3,2780807,snp_826,6.100e-02
3,16212042,snp_827,1.165e-03
3,17294226,snp_828,2.077e-03
3,3935542,snp_829,7.535e-02
3,4643776,snp_830,2.287e-01
3,19687354,snp_831,5.719e-02
3,5431785,snp_832,4.979e-02
3,11641959,snp_833,4.941e-03
3,17866633,snp_834,1.580e-02
3,17641094,snp_835,3.865e-03
3,22001133,snp_836,7.934e-02
3,15550530,snp_837,1.403e-03
3,23034407,snp_838,2.763e-02
3,3437564,snp_839,4.063e-02
3,2850136,snp_840,3.210e-02
3,5384018,snp_841,1.479e-03
3,693313,snp_842,5.936e-03
3,19367398,snp_843,3.023e-02
3,623929,snp_844,2.640e-01
3,14102182,snp_845,9.671e-02
3,7061836,snp_846,1.293e-02
3,17731328,snp_847,9.996e-03
3,12128034,snp_848,3.148e-02
3,10870161,snp_849,1.213e-01
3,11613711,snp_850,2.890e-02
3,12652604,snp_851,3.648e-03
3,12608073,snp_852,7.904e-01
3,17819813,snp_853,1.065e-03
3,20529313,snp_854,3.968e-01
3,10499139,snp_855,2.717e-03
3,10322814,snp_856,6.980e-01
3,4125550,snp_857,1.011e-02
3,18179434,snp_858,2.188e-03
3,3828735,snp_859,4.781e-02
3,7288257,snp_860,6.342e-02
3,17820891,snp_861,1.870e-02
3,11442378,snp_862,2.072e-02
3,12581561,snp_863,3.665e-02
3,13114851,snp_864,3.082e-01
3,1300092,snp_865,1.489e-01
3,13786383,snp_866,6.847e-02
3,15779371,snp_867,4.886e-03
3,6634629,snp_868,5.872e-01
3,13772815,snp_869,3.731e-01
3,8546674,snp_870,3.646e-03
3,13621283,snp_871,4.928e-03
3,14581965,snp_872,6.719e-02
3,9986742,snp_873,1.056e-03
3,9608436,snp_874,6.074e-01
3,5696744,snp_875,1.811e-01
3,7279856,snp_876,5.005e-01
3,16047694,snp_877,2.436e-03
3,2670092,snp_878,2.813e-01
3,12558805,snp_879,6.914e-01
3,15342719,snp_880,5.055e-02
3,12006996,snp_881,5.100e-02
3,475891,snp_882,3.668e-02
3,518674,snp_883,1.038e-01
3,13303743,snp_884,9.974e-02
3,2279493,snp_885,3.231e-02
3,16114701,snp_886,2.201e-01
3,11586475,snp_887,3.599e-03
3,15567104,snp_888,2.874e-01
3,6986454,snp_889,1.231e-03
3,4706107,snp_890,1.190e-02
3,22721474,snp_891,5.343e-01
3,19834416,snp_892,2.082e-01
3,6184857,snp_893,1.183e-01
3,13377619,snp_894,3.771e-03
3,14568419,snp_895,1.331e-03
3,16740823,snp_896,1.755e-02
3,13805499,snp_897,1.392e-01
3,13212185,snp_898,2.417e-02
3,9962430,snp_899,8.422e-02
3,1788164,snp_900,3.311e-03
3,11770936,snp_901,1.162e-01
3,15475415,snp_902,1.061e-01
3,9664059,snp_903,1.617e-01
3,12021211,snp_904,9.309e-03
3,12772132,snp_905,2.246e-03
3,14644732,snp_906,2.674e-02
3,4351101,snp_907,3.002e-02
3,15413591,snp_908,3.307e-03
3,21881659,snp_909,1.444e-01
3,14879909,snp_910,3.661e-03
3,19891338,snp_911,1.883e-03
3,21800788,snp_912,6.405e-03
3,1396765,snp_913,2.281e-01
3,10787702,snp_914,1.741e-01
3,17410885,snp_915,4.917e-03
3,19689511,snp_916,5.492e-02
3,20064210,snp_917,1.829e-03
3,14786633,snp_918,2.847e-03
3,6226369,snp_919,1.268e-01
3,3745698,snp_920,8.390e-03
3,5507830,snp_921,1.764e-01
3,3497934,snp_922,7.384e-01
3,18591414,snp_923,1.081e-01
3,11321754,snp_924,1.061e-03
3,9843779,snp_925,1.898e-03
3,4711516,snp_926,1.398e-01
3,679746,snp_927,4.173e-03
3,6479152,snp_928,2.116e-02
3,15028433,snp_929,6.690e-01
3,16852019,snp_930,4.389e-03
3,1290532,snp_931,2.020e-03
3,7321965,snp_932,1.178e-01
3,1483070,snp_933,1.357e-03
3,20917625,snp_934,9.302e-03
3,20659788,snp_935,6.014e-02
3,19588943,snp_936,2.910e-03
3,5505762,snp_937,1.843e-02
3,11668514,snp_938,3.927e-01
3,15493152,snp_939,1.729e-02
3,18079913,snp_940,2.515e-02
3,11579937,snp_941,4.828e-01
3,13991092,snp_942,4.668e-03
3,7310431,snp_943,3.123e-03
3,17196357,snp_944,3.739e-03
3,17353165,snp_945,1.550e-03
3,5085140,snp_946,4.314e-01
3,4994176,snp_947,1.381e-01
3,9525537,snp_948,2.538e-03
3,1304484,snp_949,2.378e-02
3,16318887,snp_950,4.138e-01
3,12729739,snp_951,3.541e-02
3,5746143,snp_952,1.351e-01
3,18293513,snp_953,3.331e-01
3,11084754,snp_954,7.331e-02
3,7188231,snp_955,1.112e-02
3,21114869,snp_956,7.036e-01
3,17247985,snp_957,3.919e-03
3,1275256,snp_958,1.752e-03
3,15665328,snp_959,1.598e-01
3,8973066,snp_960,1.162e-02
3,16342190,snp_961,1.931e-03
3,15983714,snp_962,2.355e-02
3,5513710,snp_963,4.415e-02
3,183480,snp_964,1.306e-03
3,21634512,snp_965,1.746e-03
3,7018346,snp_966,1.541e-03
3,17649607,snp_967,1.182e-01
3,20046268,snp_968,3.001e-01
3,10236269,snp_969,1.033e-01
3,18946031,snp_970,1.119e-02
3,18411170,snp_971,1.385e-01
3,1868240,snp_972,4.473e-03
3,11468926,snp_973,5.971e-03
3,21610949,snp_974,9.300e-02
3,9851870,snp_975,1.739e-03
3,2341770,snp_976,2.999e-01
3,6087240,snp_977,5.678e-01
3,9816987,snp_978,6.292e-03
3,12775987,snp_979,9.684e-02
3,16216077,snp_980,5.037e-03
3,14960298,snp_981,2.558e-01
3,10342613,snp_982,1.145e-02
3,71744,snp_983,2.290e-01
3,7127028,snp_984,1.784e-02
3,2585115,snp_985,1.636e-01
3,16644188,snp_986,4.848e-03
3,15142418,snp_987,3.683e-01
3,13855683,snp_988,5.490e-02
3,21912337,snp_989,4.151e-02
3,20374902,snp_990,3.599e-01
3,4046473,snp_991,1.587e-02
3,7640955,snp_992,1.314e-01
3,1968642,snp_993,7.338e-02
3,9178422,snp_994,6.869e-02
3,19469251,snp_995,1.851e-02
3,483644,snp_996,7.625e-01
3,13027954,snp_997,1.395e-02
3,5334695,snp_998,4.870e-01
3,10786261,snp_999,1.506e-01
3,19869324,snp_1000,6.355e-01
3,14415212,snp_1001,1.510e-02
3,3481349,snp_1002,1.330e-03
3,3968190,snp_1003,1.891e-02
3,329236,snp_1004,2.505e-02
3,18038941,snp_1005,1.628e-03
3,19296139,snp_1006,3.106e-02
3,5236185,snp_1007,2.242e-01
3,22067081,snp_1008,3.552e-03
3,6209296,snp_1009,5.597e-03
3,8912030,snp_1010,4.760e-02
3,4819173,snp_1011,2.061e-01
3,19222230,snp_1012,6.400e-03
3,4416978,snp_1013,2.618e-01
3,18484555,snp_1014,7.330e-01
3,22768613,snp_1015,1.800e-01
3,10519227,snp_1016,1.650e-01
3,13596467,snp_1017,1.098e-02
3,1999891,snp_1018,3.688e-02
3,20326797,snp_1019,1.190e-03
3,9273136,snp_1020,2.108e-01
3,8945197,snp_1021,5.027e-02
3,13929854,snp_1022,5.426e-01
3,12992266,snp_1023,6.256e-01
3,21717486,snp_1024,3.637e-02
3,8264240,snp_1025,1.449e-02
3,15646503,snp_1026,3.831e-03
3,16550934,snp_1027,3.639e-03
3,125047,snp_1028,2.895e-02
3,8885536,snp_1029,1.165e-03
3,15657477,snp_1030,3.630e-01
3,20811557,snp_1031,6.740e-01
3,4183934,snp_1032,2.811e-01
3,11495702,snp_1033,8.901e-02
3,10918282,snp_1034,4.848e-01
3,16567019,snp_1035,4.708e-02
3,6074083,snp_1036,1.061e-01
3,22824324,snp_1037,3.001e-02
3,22704312,snp_1038,1.321e-01
3,8410969,snp_1039,4.800e-02
3,21058030,snp_1040,1.491e-01
3,19350527,snp_1041,1.645e-03
3,12058612,snp_1042,4.618e-02
3,3848319,snp_1043,5.974e-03
3,11459197,snp_1044,1.404e-03
3,12961353,snp_1045,1.689e-03
3,14850188,snp_1046,4.488e-02
3,4406639,snp_1047,6.152e-01
3,4271850,snp_1048,3.654e-02
3,3814990,snp_1049,3.732e-02
3,2706311,snp_1050,2.038e-03
3,11544008,snp_1051,4.441e-02
3,23064622,snp_1052,1.975e-02
3,10677443,snp_1053,4.151e-01
3,16788806,snp_1054,3.260e-01
3,8154672,snp_1055,2.233e-01
3,6627139,snp_1056,3.068e-03
3,17492597,snp_1057,3.337e-03
3,13137989,snp_1058,9.857e-03
3,4954232,snp_1059,1.014e-03
3,96234,snp_1060,4.873e-03
3,4211846,snp_1061,1.717e-03
3,5741729,snp_1062,3.024e-02
3,2199710,snp_1063,9.560e-02
3,6630983,snp_1064,1.135e-03
3,2845491,snp_1065,7.047e-02
3,21672790,snp_1066,4.336e-01
3,7546672,snp_1067,7.325e-01
3,10735138,snp_1068,7.282e-03
3,11192828,snp_1069,1.248e-02
3,6281969,snp_1070,1.021e-02
3,7684025,snp_1071,6.617e-01
3,14516930,snp_1072,4.105e-02
3,22098945,snp_1073,1.001e-03
3,21153331,snp_1074,3.970e-03
3,3016449,snp_1075,2.531e-03
3,18696687,snp_1076,1.304e-01
3,18617124,snp_1077,5.699e-03
3,12762656,snp_1078,1.490e-02
3,2158792,snp_1079,1.575e-01
3,5599973,snp_1080,4.741e-03
3,9304918,snp_1081,7.753e-01
3,4856885,snp_1082,6.367e-02
3,9386066,snp_1083,1.099e-02
3,22262551,snp_1084,3.128e-01
3,6963730,snp_1085,3.861e-03
3,17164936,snp_1086,1.702e-03
3,21079994,snp_1087,1.478e-02
3,8374863,snp_1088,4.639e-01
3,8571089,snp_1089,2.293e-01
3,10390137,snp_1090,6.385e-02
3,6262398,snp_1091,1.510e-02
3,2104475,snp_1092,5.053e-02
3,8589265,snp_1093,2.513e-01
3,14711030,snp_1094,4.740e-01
3,11973912,snp_1095,1.199e-03
3,15778257,snp_1096,1.095e-02
3,16645857,snp_1097,1.602e-03
3,12299004,snp_1098,1.098e-02
3,1958639,snp_1099,3.705e-02
3,1846980,snp_1100,3.850e-03
3,7006803,snp_1101,1.113e-03
3,15961919,snp_1102,1.158e-01
3,5799950,snp_1103,4.877e-02
3,13261341,snp_1104,2.111e-02
3,21396467,snp_1105,2.725e-02
3,11911169,snp_1106,5.390e-02
3,10838314,snp_1107,6.685e-03
3,18959490,snp_1108,7.969e-02
3,13658625,snp_1109,4.814e-03
3,379474,snp_1110,5.827e-03
3,10796852,snp_1111,4.273e-03
3,19661237,snp_1112,6.554e-01
3,9709248,snp_1113,7.449e-03
3,7322935,snp_1114,6.515e-03
3,17665616,snp_1115,4.194e-02
3,18843080,snp_1116,8.771e-02
3,21415359,snp_1117,3.635e-03
3,4923261,snp_1118,5.239e-01
3,22909919,snp_1119,1.531e-01
3,15707551,snp_1120,4.681e-02
3,417880,snp_1121,6.095e-02
3,310335,snp_1122,1.036e-02
3,10733502,snp_1123,5.688e-02
3,15341536,snp_1124,5.682e-03
3,16932198,snp_1125,1.140e-01
3,18966667,snp_1126,1.351e-02
3,16109997,snp_1127,1.284e-03
3,15747053,snp_1128,3.770e-03
3,2044127,snp_1129,3.560e-01
3,4450541,snp_1130,3.491e-03
3,16235258,snp_1131,2.482e-01
3,625478,snp_1132,3.394e-02
3,3385784,snp_1133,1.725e-01
3,19642107,snp_1134,2.620e-03
3,12562671,snp_1135,4.966e-01
3,17954079,snp_1136,3.258e-01
3,9840516,snp_1137,4.041e-01
3,21049229,snp_1138,5.897e-03
3,10386021,snp_1139,3.305e-02
3,457826,snp_1140,4.207e-02
3,5659441,snp_1141,1.203e-01
3,19347299,snp_1142,6.229e-02
3,7787197,snp_1143,4.438e-01
3,19771326,snp_1144,4.745e-02
3,9696054,snp_1145,3.074e-02
3,13497525,snp_1146,6.213e-03
3,23302723,snp_1147,6.931e-01
3,9322718,snp_1148,2.726e-02
3,16901940,snp_1149,1.552e-03
3,21111223,snp_1150,2.457e-03
3,5409303,snp_1151,5.901e-01
3,443641,snp_1152,1.777e-02
3,12904928,snp_1153,1.445e-01
3,15121885,snp_1154,2.123e-03
3,2727693,snp_1155,1.297e-02
3,15072424,snp_1156,4.241e-02
3,10175254,snp_1157,2.979e-01
3,16939143,snp_1158,3.679e-02
3,10219121,snp_1159,2.834e-02
3,13707394,snp_1160,8.498e-03
3,21499882,snp_1161,2.706e-03
3,16682330,snp_1162,3.698e-02
3,20600402,snp_1163,6.564e-03
3,9105578,snp_1164,5.251e-02
3,21953828,snp_1165,1.060e-02
3,8403117,snp_1166,3.603e-02
3,22647635,snp_1167,2.965e-01
3,4833230,snp_1168,8.174e-03
3,2010463,snp_1169,3.353e-02
3,4042090,snp_1170,3.082e-01
3,11480445,snp_1171,4.067e-03
3,21997160,snp_1172,3.115e-02
3,5474920,snp_1173,2.029e-02
3,23308201,snp_1174,7.791e-02
3,6083459,snp_1175,8.976e-03
3,4075298,snp_1176,2.598e-03
3,11743863,snp_1177,3.714e-03
3,7877809,snp_1178,4.110e-01
3,5287648,snp_1179,1.960e-02
3,11344681,snp_1180,1.044e-03
3,18307802,snp_1181,4.790e-03
3,17962797,snp_1182,2.027e-02
3,20906999,snp_1183,2.707e-03
3,20379330,snp_1184,1.470e-02
3,2429157,snp_1185,6.328e-01
3,22072105,snp_1186,3.917e-03
3,22454161,snp_1187,5.254e-03
3,22734361,snp_1188,4.407e-03
3,14220487,snp_1189,2.617e-03
3,2376116,snp_1190,1.953e-02
3,11833126,snp_1191,2.866e-01
3,2753785,snp_1192,2.209e-01
3,8435373,snp_1193,6.330e-03
3,16518217,snp_1194,5.037e-03
3,11625186,snp_1195,2.410e-03
3,3599014,snp_1196,7.533e-02
3,19107280,snp_1197,3.865e-01
3,4709179,snp_1198,1.229e-03
3,17942374,snp_1199,8.522e-01
4,12251173,snp_1200,2.885e-02
4,3059341,snp_1201,7.101e-02
4,27094039,snp_1202,7.693e-02
4,23869009,snp_1203,3.182e-01
4,27046012,snp_1204,5.081e-02
4,8190251,snp_1205,3.844e-03
4,14838712,snp_1206,5.528e-02
4,16466254,snp_1207,2.726e-03
4,28521241,snp_1208,7.634e-02
4,1068295,snp_1209,3.315e-01
4,357094,snp_1210,3.729e-03
4,33870648,snp_1211,5.011e-01
4,11299439,snp_1212,1.130e-03
4,5898188,snp_1213,5.870e-01
4,27250074,snp_1214,1.006e-02
4,23024453,snp_1215,1.939e-03
4,2074997,snp_1216,1.221e-02
4,25605331,snp_1217,1.004e-02
4,18656666,snp_1218,1.196e-01
4,14429289,snp_1219,8.738e-03
4,19871018,snp_1220,1.128e-01
4,26658015,snp_1221,1.853e-03
4,283638,snp_1222,1.332e-01
4,18944294,snp_1223,1.717e-03
4,25136043,snp_1224,4.303e-02
4,7362962,snp_1225,2.208e-02
4,28296341,snp_1226,1.063e-02
4,25034676,snp_1227,2.145e-03
4,28053038,snp_1228,5.711e-02
4,7081635,snp_1229,1.149e-01
4,1326989,snp_1230,9.189e-02
4,26026332,snp_1231,5.846e-03
4,4522784,snp_1232,1.056e-03
4,10191165,snp_1233,4.744e-01
4,19805527,snp_1234,2.583e-02
4,27173045,snp_1235,3.006e-01
4,1001113,snp_1236,3.981e-03
4,21267030,snp_1237,1.730e-01
4,27787235,snp_1238,6.409e-03
4,35425262,snp_1239,4.209e-01
4,2151662,snp_1240,7.075e-02
4,22504851,snp_1241,8.022e-02
4,1713300,snp_1242,1.071e-02
4,4477707,snp_1243,1.178e-01
4,26448440,snp_1244,4.104e-02
4,35281539,snp_1245,3.751e-03
4,35498678,snp_1246,1.912e-02
4,32100956,snp_1247,1.254e-02
4,19141598,snp_1248,1.560e-02
4,12574827,snp_1249,1.290e-01
4,28168836,snp_1250,6.937e-03
4,24136005,snp_1251,6.961e-03
4,18652656,snp_1252,1.658e-01
4,11767576,snp_1253,1.706e-02
4,29534708,snp_1254,7.661e-02
4,3517126,snp_1255,7.090e-03
4,29735529,snp_1256,5.108e-01
4,2232348,snp_1257,2.133e-03
4,17094391,snp_1258,4.303e-02
4,13255263,snp_1259,2.498e-02
4,21113975,snp_1260,2.625e-02
4,14170126,snp_1261,1.486e-01
4,17904659,snp_1262,5.022e-02
4,15796011,snp_1263,1.598e-03
4,17571344,snp_1264,1.199e-03
4,29569493,snp_1265,3.343e-01
4,4562925,snp_1266,7.114e-03
4,4644087,snp_1267,7.441e-03
4,30985844,snp_1268,3.997e-01
4,7632485,snp_1269,3.578e-02
4,26794368,snp_1270,1.462e-03
4,13256621,snp_1271,1.387e-03
4,21593539,snp_1272,5.554e-02
4,4338319,snp_1273,1.834e-02
4,1445867,snp_1274,3.146e-01
4,13333264,snp_1275,1.063e-03
4,10885066,snp_1276,3.285e-02
4,28399073,snp_1277,3.394e-01
4,21163680,snp_1278,6.404e-01
4,32097871,snp_1279,2.125e-03
4,7737973,snp_1280,3.416e-03
4,17544517,snp_1281,3.883e-01
4,12514232,snp_1282,2.411e-03
4,14988235,snp_1283,1.818e-02
4,20307251,snp_1284,1.969e-03
4,28045365,snp_1285,3.532e-02
4,25844525,snp_1286,1.456e-02
4,27349099,snp_1287,2.890e-02
4,16544614,snp_1288,4.195e-02
4,16118865,snp_1289,2.479e-03
4,11673152,snp_1290,3.895e-03
4,23851316,snp_1291,5.516e-02
4,8356807,snp_1292,6.075e-02
4,19418186,snp_1293,1.329e-03
4,31946767,snp_1294,6.013e-03
4,23184207,snp_1295,2.486e-03
4,25384195,snp_1296,1.831e-02
4,28576928,snp_1297,7.297e-03
4,20137847,snp_1298,3.845e-01
4,20077132,snp_1299,2.412e-01
4,22207456,snp_1300,1.771e-02
4,1897846,snp_1301,1.853e-02
4,6798081,snp_1302,3.518e-02
4,32191601,snp_1303,3.937e-01
4,33602845,snp_1304,2.629e-01
4,681028,snp_1305,4.257e-03
4,8804198,snp_1306,7.386e-03
4,31861078,snp_1307,4.360e-02
4,28963223,snp_1308,1.445e-02
4,14421933,snp_1309,6.566e-01
4,30939279,snp_1310,7.610e-01
4,15686086,snp_1311,5.320e-02
4,30855793,snp_1312,1.032e-01
4,9231012,snp_1313,4.091e-01
4,3565432,snp_1314,2.844e-01
4,5169894,snp_1315,1.571e-01
4,3217083,snp_1316,1.109e-01
4,14618578,snp_1317,2.824e-01
4,22055676,snp_1318,9.781e-02
4,975269,snp_1319,5.990e-01
4,13996302,snp_1320,1.014e-01
4,14817657,snp_1321,9.853e-02
4,13478483,snp_1322,3.222e-03
4,4341903,snp_1323,2.251e-01
4,26996715,snp_1324,1.664e-02
4,17694759,snp_1325,5.376e-03
4,13820746,snp_1326,4.079e-01
4,2176294,snp_1327,3.791e-02
4,14611400,snp_1328,3.324e-02
4,14626379,snp_1329,1.822e-01
4,31807240,snp_1330,1.432e-01
4,34582482,snp_1331,9.088e-03
4,8841147,snp_1332,2.059e-02
4,28184088,snp_1333,1.126e-01
4,14599536,snp_1334,5.040e-01
4,22821053,snp_1335,2.238e-01
4,34741735,snp_1336,7.059e-02
4,35366182,snp_1337,4.396e-03
4,19294037,snp_1338,5.011e-02
4,32716668,snp_1339,4.143e-02
4,35931,snp_1340,3.796e-02
4,29769059,snp_1341,1.249e-01
4,34891422,snp_1342,8.880e-01
4,33506830,snp_1343,3.369e-02
4,21459568,snp_1344,2.975e-03
4,13645041,snp_1345,8.191e-02
4,22692122,snp_1346,1.674e-02
4,18317475,snp_1347,6.544e-01
4,26531866,snp_1348,1.945e-02
4,10790963,snp_1349,6.079e-02
4,4414074,snp_1350,3.452e-01
4,19973984,snp_1351,1.335e-01
4,15504645,snp_1352,1.410e-02
4,34365057,snp_1353,1.026e-01
4,24482994,snp_1354,8.694e-02
4,9381145,snp_1355,5.365e-03
4,16249638,snp_1356,1.677e-01
4,35284102,snp_1357,8.754e-02
4,16503809,snp_1358,1.519e-02
4,569795,snp_1359,8.111e-03
4,23203114,snp_1360,8.789e-01
4,17104293,snp_1361,1.953e-03
4,24145790,snp_1362,5.385e-02
4,32134311,snp_1363,7.504e-03
4,27367549,snp_1364,2.304e-02
4,28259143,snp_1365,1.084e-02
4,2782576,snp_1366,7.223e-01
4,29866405,snp_1367,9.306e-03
4,24129261,snp_1368,8.103e-02
4,29173566,snp_1369,3.228e-03
4,12848644,snp_1370,2.675e-01
4,27564985,snp_1371,7.830e-03
4,302631,snp_1372,3.846e-02
4,33605215,snp_1373,4.350e-02
4,7951156,snp_1374,7.792e-01
4,10090901,snp_1375,1.706e-03
4,12843450,snp_1376,4.837e-01
4,22018608,snp_1377,1.137e-01
4,25764699,snp_1378,1.815e-01
4,17724523,snp_1379,7.571e-02
4,10077329,snp_1380,1.913e-03
4,25375558,snp_1381,2.154e-01
4,7038242,snp_1382,3.370e-03
4,14216920,snp_1383,2.420e-03
4,20427073,snp_1384,3.109e-02
4,19805503,snp_1385,1.008e-02
4,20305208,snp_1386,8.649e-03
4,20284863,snp_1387,5.717e-01
4,4603212,snp_1388,5.729e-01
4,9318832,snp_1389,1.857e-02
4,8182468,snp_1390,2.552e-02
4,28077790,snp_1391,2.421e-01
4,24335031,snp_1392,1.056e-03
4,24873689,snp_1393,2.387e-02
4,9078223,snp_1394,1.985e-02
4,16292999,snp_1395,1.525e-03
4,23006525,snp_1396,1.472e-03
4,1861537,snp_1397,1.516e-03
4,15525669,snp_1398,1.034e-03
4,9836097,snp_1399,8.780e-03
4,16747432,snp_1400,7.650e-02
4,27243948,snp_1401,2.202e-03
4,8059821,snp_1402,1.349e-01
4,15077499,snp_1403,4.225e-02
4,185184,snp_1404,2.376e-01
4,2936408,snp_1405,1.833e-02
4,910687,snp_1406,5.950e-03
4,35107278,snp_1407,5.009e-02
4,2671925,snp_1408,1.631e-01
4,5903820,snp_1409,1.079e-01
4,22469142,snp_1410,4.620e-01
4,17227676,snp_1411,3.683e-03
4,21268005,snp_1412,1.266e-02
4,11999289,snp_1413,1.627e-01
4,3870778,snp_1414,1.765e-01
4,12232576,snp_1415,6.158e-01
4,11973658,snp_1416,4.049e-03
4,33867228,snp_1417,4.587e-03
4,22238414,snp_1418,4.965e-03
4,22445958,snp_1419,1.746e-02
4,3070140,snp_1420,5.902e-01
4,1196821,snp_1421,1.061e-01
4,30426641,snp_1422,5.730e-01
4,4577706,snp_1423,1.732e-03
4,15861999,snp_1424,1.150e-01
4,22475981,snp_1425,5.701e-01
4,24320162,snp_1426,1.996e-02
4,10585596,snp_1427,6.679e-02
4,3439683,snp_1428,5.391e-03
4,8367205,snp_1429,1.518e-02
4,23679807,snp_1430,8.293e-01
4,13780234,snp_1431,4.020e-03
4,31584064,snp_1432,1.328e-02
4,12190025,snp_1433,1.528e-03
4,28102070,snp_1434,4.078e-02
4,11780020,snp_1435,2.411e-01
4,3685891,snp_1436,1.564e-02
4,2424407,snp_1437,4.180e-03
4,6949504,snp_1438,1.816e-02
4,22877217,snp_1439,1.563e-01
4,15111416,snp_1440,6.492e-03
4,15959124,snp_1441,1.709e-01
4,28608040,snp_1442,5.910e-01
4,11186815,snp_1443,4.616e-02
4,34448480,snp_1444,5.304e-03
4,11169636,snp_1445,2.181e-03
4,27835256,snp_1446,3.274e-01
4,11079406,snp_1447,8.678e-02
4,13238600,snp_1448,8.436e-01
4,21049383,snp_1449,8.892e-03
4,2057331,snp_1450,2.845e-02
4,29977354,snp_1451,2.611e-03
4,15149253,snp_1452,2.363e-01
4,7192049,snp_1453,1.862e-03
4,28185869,snp_1454,8.758e-02
4,23971840,snp_1455,7.950e-03
4,35244666,snp_1456,1.516e-02
4,11885969,snp_1457,1.753e-02
4,34567773,snp_1458,1.357e-02
4,15028441,snp_1459,2.960e-01
4,16306494,snp_1460,4.187e-03
4,1514424,snp_1461,2.008e-01
4,132700,snp_1462,1.959e-01
4,8265341,snp_1463,1.287e-02
4,8579230,snp_1464,6.067e-03
4,34191729,snp_1465,9.376e-02
4,26564114,snp_1466,2.210e-01
4,6613181,snp_1467,1.071e-03
4,13022778,snp_1468,5.401e-01
4,1077436,snp_1469,4.076e-01
4,10429798,snp_1470,2.380e-01
4,21022336,snp_1471,4.917e-03
4,1575898,snp_1472,7.285e-01
4,7100632,snp_1473,2.731e-01
4,31779470,snp_1474,6.752e-03
4,12197240,snp_1475,2.062e-02
4,6408477,snp_1476,7.702e-01
4,30253967,snp_1477,1.835e-03
4,753539,snp_1478,8.944e-03
4,13600865,snp_1479,4.238e-03
4,3983066,snp_1480,1.543e-03
4,10950116,snp_1481,1.744e-01
4,29055352,snp_1482,1.001e-02
4,33781593,snp_1483,1.168e-03
4,35810766,snp_1484,2.234e-03
4,31528417,snp_1485,5.717e-01
4,5184179,snp_1486,1.674e-03
4,28531678,snp_1487,2.424e-01
4,13574762,snp_1488,7.014e-02
4,21519920,snp_1489,1.169e-03
4,8777743,snp_1490,6.512e-01
4,22111403,snp_1491,2.467e-01
4,19219835,snp_1492,4.176e-03
4,11761605,snp_1493,6.207e-01
4,28557299,snp_1494,2.372e-03
4,30563413,snp_1495,1.240e-03
4,31795696,snp_1496,2.152e-01
4,2922007,snp_1497,3.644e-02
4,23815418,snp_1498,5.736e-01
4,18255931,snp_1499,5.416e-03
4,23153878,snp_1500,2.805e-02
4,17896062,snp_1501,3.805e-02
4,11551359,snp_1502,7.032e-02
4,24928385,snp_1503,6.900e-03
4,17759819,snp_1504,1.440e-01
4,14391359,snp_1505,1.708e-03
4,20961182,snp_1506,6.951e-01
4,7879567,snp_1507,2.245e-01
4,30982133,snp_1508,6.055e-02
4,10983377,snp_1509,2.130e-03
4,20508485,snp_1510,1.550e-03
4,13428023,snp_1511,2.118e-02
4,4821585,snp_1512,5.036e-01
4,15954853,snp_1513,8.182e-02
4,20960450,snp_1514,3.780e-02
4,22294382,snp_1515,4.932e-02
4,16782043,snp_1516,5.541e-02
4,28876484,snp_1517,1.035e-01
4,13724632,snp_1518,2.632e-01
4,8391556,snp_1519,1.112e-02
4,12889103,snp_1520,5.092e-01
4,30243988,snp_1521,2.737e-02
4,23103011,snp_1522,4.282e-03
4,33259133,snp_1523,4.568e-01
4,2560954,snp_1524,6.872e-01
4,7189705,snp_1525,2.344e-01
4,11817623,snp_1526,1.140e-01
4,29273477,snp_1527,8.581e-03
4,9851494,snp_1528,7.385e-03
4,35821562,snp_1529,1.011e-03
4,27005675,snp_1530,5.855e-03
4,32748605,snp_1531,8.411e-01
4,10749176,snp_1532,3.343e-03
4,28109217,snp_1533,5.738e-02
4,14564093,snp_1534,1.734e-02
4,23521318,snp_1535,3.611e-02
4,18400696,snp_1536,5.065e-03
4,5358223,snp_1537,5.989e-02
4,8145180,snp_1538,5.496e-03
4,17029251,snp_1539,2.681e-02
4,28211384,snp_1540,5.188e-03
4,25933428,snp_1541,3.880e-02
4,28424600,snp_1542,1.063e-01
4,6742470,snp_1543,4.766e-03
4,25051557,snp_1544,2.146e-01
4,16151069,snp_1545,2.007e-02
4,13449301,snp_1546,1.763e-02
4,4606774,snp_1547,1.469e-03
4,347490,snp_1548,3.625e-03
4,29945910,snp_1549,8.862e-02
4,15044665,snp_1550,8.453e-03
4,14478316,snp_1551,4.498e-03
4,19296491,snp_1552,9.729e-02
4,834159,snp_1553,4.297e-03
4,33098986,snp_1554,3.138e-01
4,34193499,snp_1555,9.457e-02
4,22607139,snp_1556,1.483e-02
4,21817409,snp_1557,2.469e-03
4,35181811,snp_1558,2.226e-01
4,14021300,snp_1559,2.362e-02
4,6760135,snp_1560,4.261e-01
4,20441889,snp_1561,4.149e-02
4,32115489,snp_1562,4.731e-01
4,3744165,snp_1563,2.084e-02
4,1150715,snp_1564,8.268e-03
4,17538044,snp_1565,2.508e-01
4,2494276,snp_1566,1.286e-03
4,10187208,snp_1567,1.830e-01
4,23674274,snp_1568,5.541e-01
4,2062195,snp_1569,2.632e-02
4,6167427,snp_1570,2.593e-03
4,14747249,snp_1571,3.067e-01
4,3974988,snp_1572,2.331e-02
4,17166109,snp_1573,5.587e-01
4,34281769,snp_1574,2.490e-03
4,4663724,snp_1575,2.204e-01
4,15513196,snp_1576,7.186e-03
4,17041518,snp_1577,1.476e-02
4,33709536,snp_1578,1.648e-02
4,18035589,snp_1579,8.506e-03
4,9886541,snp_1580,8.473e-01
4,5121715,snp_1581,5.771e-01
4,14330011,snp_1582,3.696e-03
4,18874832,snp_1583,1.839e-03
4,31558982,snp_1584,3.912e-02
4,20679423,snp_1585,5.957e-03
4,10334162,snp_1586,2.244e-03
4,16378443,snp_1587,7.657e-03
4,25543537,snp_1588,1.182e-01
4,22003705,snp_1589,3.635e-03
4,6285896,snp_1590,1.641e-01
4,32302883,snp_1591,6.123e-03
4,16433056,snp_1592,1.832e-03
4,6584459,snp_1593,1.873e-02
4,14125935,snp_1594,1.446e-03
4,8603502,snp_1595,2.409e-03
4,9826789,snp_1596,1.251e-02
4,10476940,snp_1597,1.766e-03
4,25055244,snp_1598,6.590e-03
4,7798038,snp_1599,3.120e-02
5,4673403,snp_1600,7.282e-02
5,29120315,snp_1601,2.898e-02
5,30049894,snp_1602,5.498e-02
5,6354496,snp_1603,2.179e-01
5,1720671,snp_1604,7.433e-01
5,24628110,snp_1605,9.056e-03
5,17806255,snp_1606,8.634e-02
5,15394504,snp_1607,2.380e-01
5,1456201,snp_1608,1.624e-01
5,27335570,snp_1609,3.527e-01
5,25839687,snp_1610,3.806e-02
5,17785169,snp_1611,5.087e-01
5,25328018,snp_1612,6.997e-03
5,16874111,snp_1613,3.641e-02
5,10760833,snp_1614,2.978e-01
5,32323755,snp_1615,1.443e-02
5,6832416,snp_1616,3.835e-01
5,28582532,snp_1617,2.838e-01
5,25881960,snp_1618,8.259e-01
5,10533790,snp_1619,4.467e-02
5,6859540,snp_1620,6.958e-03
5,34412835,snp_1621,2.397e-02
5,17041204,snp_1622,6.443e-01
5,24470974,snp_1623,2.556e-02
5,25540710,snp_1624,1.007e-02
5,3962649,snp_1625,8.194e-03
5,17115549,snp_1626,1.532e-02
5,1876008,snp_1627,6.866e-02
5,7776939,snp_1628,1.635e-01
5,35032277,snp_1629,2.291e-01
5,618277,snp_1630,7.372e-01
5,561282,snp_1631,3.384e-03
5,26212229,snp_1632,5.803e-01
5,36959333,snp_1633,4.624e-01
5,32203836,snp_1634,9.792e-03
5,27910419,snp_1635,6.609e-01
5,19756720,snp_1636,3.499e-03
5,12439197,snp_1637,1.262e-02
5,24080964,snp_1638,1.562e-03
5,15229592,snp_1639,4.873e-02
5,8959261,snp_1640,4.341e-01
5,12465729,snp_1641,8.049e-01
5,25211218,snp_1642,8.216e-01
5,8202138,snp_1643,1.999e-01
5,25364220,snp_1644,1.344e-01
5,24051514,snp_1645,6.613e-01
5,34134211,snp_1646,5.461e-02
5,29588627,snp_1647,2.994e-02
5,38182477,snp_1648,7.047e-03
5,30502819,snp_1649,1.696e-03
5,21942679,snp_1650,1.610e-01
5,3652373,snp_1651,9.844e-02
5,24319994,snp_1652,6.364e-02
5,35641247,snp_1653,4.724e-03
5,5124465,snp_1654,2.709e-01
5,29363927,snp_1655,8.347e-03
5,37702427,snp_1656,9.643e-03
5,2602623,snp_1657,7.906e-01
5,35161298,snp_1658,4.224e-02
5,19699899,snp_1659,5.776e-03
5,19406687,snp_1660,7.436e-03
5,512390,snp_1661,7.717e-01
5,29256942,snp_1662,3.837e-01
5,9113005,snp_1663,4.852e-02
5,9388612,snp_1664,5.198e-01
5,5302721,snp_1665,3.011e-02
5,7787491,snp_1666,6.943e-02
5,24750401,snp_1667,1.769e-01
5,27960415,snp_1668,1.081e-03
5,17105507,snp_1669,2.301e-03
5,5175951,snp_1670,1.031e-01
5,30337484,snp_1671,6.810e-01
5,30522865,snp_1672,5.322e-02
5,31329740,snp_1673,5.443e-03
5,8828265,snp_1674,6.138e-03
5,13212074,snp_1675,2.202e-01
5,2084535,snp_1676,1.749e-03
5,38101600,snp_1677,3.852e-03
5,26841303,snp_1678,1.967e-01
5,33642538,snp_1679,2.580e-02
5,7075621,snp_1680,1.236e-02
5,2490960,snp_1681,3.160e-02
5,36763344,snp_1682,6.256e-01
5,38241777,snp_1683,1.521e-03
5,4840337,snp_1684,2.739e-01
5,21157886,snp_1685,4.018e-03
5,7878528,snp_1686,2.839e-02
5,16431413,snp_1687,3.734e-02
5,6328271,snp_1688,2.330e-01
5,16345715,snp_1689,1.455e-02
5,11684438,snp_1690,1.776e-02
5,37305530,snp_1691,2.269e-01
5,33246237,snp_1692,3.393e-02
5,36661264,snp_1693,7.749e-02
5,14560892,snp_1694,3.642e-02
5,16294848,snp_1695,1.420e-02
5,16708611,snp_1696,3.091e-01
5,36767057,snp_1697,3.374e-02
5,29372139,snp_1698,4.889e-02
5,3208600,snp_1699,1.888e-03
5,11573833,snp_1700,2.319e-02
5,21312279,snp_1701,2.702e-01
5,14666239,snp_1702,1.116e-01
5,10918265,snp_1703,1.957e-02
5,18536400,snp_1704,9.267e-02
5,27557762,snp_1705,2.359e-01
5,35316603,snp_1706,8.663e-01
5,33216538,snp_1707,6.243e-03
5,14427523,snp_1708,5.709e-02
5,16029738,snp_1709,6.106e-02
5,28611348,snp_1710,6.563e-02
5,11866012,snp_1711,1.088e-03
5,2746062,snp_1712,2.184e-03
5,38259507,snp_1713,3.826e-01
5,35933306,snp_1714,2.958e-01
5,29411519,snp_1715,1.338e-03
5,29732234,snp_1716,5.406e-03
5,13437600,snp_1717,7.212e-03
5,24478272,snp_1718,7.309e-02
5,2224495,snp_1719,6.505e-02
5,16346623,snp_1720,1.667e-01
5,18416172,snp_1721,1.705e-03
5,13932409,snp_1722,7.339e-03
5,1089263,snp_1723,9.689e-03
5,5700893,snp_1724,1.459e-02
5,36401132,snp_1725,3.275e-01
5,9537764,snp_1726,1.753e-02
5,25543205,snp_1727,2.977e-01
5,4499930,snp_1728,4.761e-01
5,27432325,snp_1729,6.549e-02
5,27218771,snp_1730,1.192e-03
5,3097402,snp_1731,1.844e-03
5,33769767,snp_1732,2.889e-01
5,16455763,snp_1733,8.111e-03
5,19299780,snp_1734,2.383e-02
5,34180117,snp_1735,1.664e-02
5,28292907,snp_1736,5.373e-03
5,35632273,snp_1737,2.428e-03
5,4212481,snp_1738,1.823e-02
5,30744687,snp_1739,3.532e-03
5,10370689,snp_1740,2.147e-01
5,28846357,snp_1741,7.725e-03
5,247500,snp_1742,2.839e-01
5,18955779,snp_1743,4.616e-01
5,29827578,snp_1744,5.216e-02
5,16069142,snp_1745,1.257e-01
5,16612973,snp_1746,2.689e-01
5,7185663,snp_1747,3.579e-01
5,18753316,snp_1748,2.933e-02
5,4249650,snp_1749,1.893e-02
5,8194637,snp_1750,2.276e-01
5,28909019,snp_1751,3.655e-03
5,7397101,snp_1752,1.123e-03
5,33600510,snp_1753,4.465e-02
5,35194765,snp_1754,4.245e-01
5,24534320,snp_1755,5.183e-01
5,3303980,snp_1756,3.821e-01
5,2477297,snp_1757,7.286e-01
5,9050701,snp_1758,3.301e-02
5,29318335,snp_1759,8.355e-01
5,10257330,snp_1760,1.356e-03
5,25647968,snp_1761,4.186e-03
5,1613664,snp_1762,2.125e-01
5,30523126,snp_1763,6.947e-02
5,20048696,snp_1764,1.294e-03
5,10247887,snp_1765,3.285e-02
5,29178709,snp_1766,1.469e-02
5,12973906,snp_1767,8.680e-03
5,13225529,snp_1768,1.047e-01
5,9236391,snp_1769,7.664e-02
5,15360947,snp_1770,1.406e-02
5,37597708,snp_1771,2.368e-03
5,31081467,snp_1772,8.728e-01
5,33559106,snp_1773,5.817e-02
5,32205227,snp_1774,1.664e-03
5,989972,snp_1775,3.868e-01
5,20455597,snp_1776,1.394e-03
5,28967769,snp_1777,1.647e-01
5,17421302,snp_1778,8.429e-03
5,33532566,snp_1779,2.698e-02
5,25451601,snp_1780,8.725e-01
5,24597526,snp_1781,1.483e-03
5,12420077,snp_1782,1.203e-02
5,33670629,snp_1783,1.229e-03
5,28365364,snp_1784,8.915e-03
5,9003613,snp_1785,3.316e-02
5,28496110,snp_1786,4.053e-03
5,13428166,snp_1787,1.513e-03
5,36293670,snp_1788,3.511e-02
5,25378765,snp_1789,7.700e-03
5,3872537,snp_1790,6.526e-02
5,23406362,snp_1791,7.076e-03
5,33532784,snp_1792,2.318e-03
5,30256185,snp_1793,6.852e-03
5,1223788,snp_1794,3.028e-02
5,3357288,snp_1795,3.123e-03
5,38407239,snp_1796,1.091e-03
5,17995113,snp_1797,2.021e-03
5,36816929,snp_1798,3.370e-02
5,20842580,snp_1799,1.706e-01
5,6570139,snp_1800,1.461e-03
5,26981275,snp_1801,4.354e-01
5,38293777,snp_1802,7.308e-01
5,35812796,snp_1803,9.701e-02
5,14783413,snp_1804,1.327e-01
5,27723973,snp_1805,9.672e-03
5,36680180,snp_1806,9.370e-03
5,25653908,snp_1807,1.690e-03
5,24423086,snp_1808,3.153e-02
5,30667839,snp_1809,9.295e-02
5,8627660,snp_1810,1.782e-02
5,35614035,snp_1811,5.744e-01
5,13231247,snp_1812,1.841e-03
5,28641179,snp_1813,6.474e-03
5,25208400,snp_1814,4.305e-03
5,37248561,snp_1815,4.581e-02
5,8996242,snp_1816,1.533e-01
5,11217054,snp_1817,4.182e-01
5,13116064,snp_1818,1.596e-02
5,7253369,snp_1819,1.483e-03
5,22082766,snp_1820,3.751e-01
5,12080404,snp_1821,6.736e-02
5,28407956,snp_1822,1.079e-01
5,22746622,snp_1823,2.454e-01
5,14962890,snp_1824,5.013e-02
5,29732640,snp_1825,3.957e-03
5,36002526,snp_1826,3.779e-01
5,25587078,snp_1827,1.611e-02
5,4108854,snp_1828,8.373e-01
5,32858292,snp_1829,1.042e-01
5,31462251,snp_1830,1.187e-01
5,8438690,snp_1831,8.791e-03
5,5683201,snp_1832,1.300e-01
5,28798929,snp_1833,2.787e-03
5,31909556,snp_1834,7.058e-01
5,12341273,snp_1835,2.938e-02
5,26545317,snp_1836,1.391e-01
5,32677388,snp_1837,1.806e-02
5,24327826,snp_1838,2.059e-01
5,11237046,snp_1839,1.256e-03
5,2267207,snp_1840,3.630e-03
5,5886623,snp_1841,6.848e-03
5,32692834,snp_1842,1.561e-03
5,8676445,snp_1843,6.020e-03
5,35587450,snp_1844,4.578e-03
5,33028557,snp_1845,6.371e-03
5,11530281,snp_1846,3.513e-03
5,35171827,snp_1847,3.023e-01
5,831355,snp_1848,6.205e-02
5,16284834,snp_1849,3.576e-02
5,13427133,snp_1850,6.244e-02
5,2768762,snp_1851,6.398e-03
5,10885048,snp_1852,1.686e-03
5,27027522,snp_1853,2.155e-02
5,3751639,snp_1854,9.906e-02
5,30503501,snp_1855,2.487e-03
5,2086436,snp_1856,1.560e-03
5,11721959,snp_1857,1.044e-02
5,22249239,snp_1858,4.430e-02
5,18597979,snp_1859,2.010e-03
5,8086427,snp_1860,3.777e-03
5,7542442,snp_1861,1.069e-02
5,13963691,snp_1862,2.657e-03
5,3930057,snp_1863,4.293e-03
5,33092240,snp_1864,6.905e-02
5,37882802,snp_1865,8.823e-03
5,6484941,snp_1866,6.079e-01
5,13707647,snp_1867,3.565e-02
5,36431894,snp_1868,4.016e-01
5,19869866,snp_1869,8.943e-02
5,16723682,snp_1870,3.249e-01
5,27854095,snp_1871,1.688e-01
5,4579801,snp_1872,6.024e-02
5,11668590,snp_1873,1.554e-02
5,6649320,snp_1874,5.645e-03
5,29908770,snp_1875,1.062e-03
5,25856661,snp_1876,4.849e-01
5,17874480,snp_1877,3.438e-03
5,14729872,snp_1878,1.215e-02
5,17159172,snp_1879,8.237e-01
5,4495959,snp_1880,3.890e-01
5,24726131,snp_1881,1.862e-03
5,8671176,snp_1882,1.655e-02
5,38062011,snp_1883,3.431e-02
5,26742917,snp_1884,4.689e-01
5,22855302,snp_1885,6.566e-02
5,38547925,snp_1886,7.532e-03
5,11501814,snp_1887,3.807e-01
5,12537476,snp_1888,6.988e-03
5,33237947,snp_1889,2.314e-02
5,15625366,snp_1890,7.635e-03
5,15180735,snp_1891,3.455e-03
5,30202702,snp_1892,2.434e-02
5,2464545,snp_1893,3.023e-03
5,20777581,snp_1894,3.423e-03
5,25122859,snp_1895,5.335e-03
5,7997664,snp_1896,1.017e-02
5,4522883,snp_1897,2.553e-03
5,26800357,snp_1898,8.596e-01
5,17240689,snp_1899,1.054e-01
5,1508956,snp_1900,1.793e-02
5,25159089,snp_1901,4.908e-01
5,9898037,snp_1902,5.351e-03
5,3261701,snp_1903,3.820e-01
5,11510086,snp_1904,1.257e-03
5,6615250,snp_1905,1.168e-03
5,25371840,snp_1906,1.650e-01
5,1779695,snp_1907,1.445e-03
5,34872802,snp_1908,1.215e-01
5,20589482,snp_1909,3.447e-01
5,18906419,snp_1910,1.064e-01
5,35110409,snp_1911,1.022e-03
5,23367748,snp_1912,2.778e-02
5,26519500,snp_1913,9.892e-03
5,1724541,snp_1914,6.944e-01
5,5461231,snp_1915,2.658e-03
5,8296392,snp_1916,3.582e-01
5,21282152,snp_1917,1.600e-02
5,10693519,snp_1918,6.297e-03
5,16268548,snp_1919,2.128e-02
5,10048919,snp_1920,1.079e-02
5,6295911,snp_1921,4.023e-02
5,36419453,snp_1922,9.000e-03
5,36244393,snp_1923,3.368e-01
5,7854996,snp_1924,1.238e-02
5,10385274,snp_1925,1.209e-02
5,24886571,snp_1926,6.956e-03
5,21728230,snp_1927,1.094e-02
5,19715369,snp_1928,2.925e-01
5,31671185,snp_1929,1.039e-01
5,30368832,snp_1930,6.794e-02
5,37162584,snp_1931,1.659e-01
5,10413244,snp_1932,2.411e-02
5,26367188,snp_1933,5.623e-02
5,12696630,snp_1934,4.870e-01
5,35051128,snp_1935,4.515e-03
5,5640962,snp_1936,3.941e-03
5,10548999,snp_1937,4.582e-01
5,37758852,snp_1938,1.970e-01
5,36690935,snp_1939,4.375e-03
5,4761021,snp_1940,2.494e-02
5,33750714,snp_1941,1.633e-02
5,31101819,snp_1942,4.658e-01
5,13449995,snp_1943,1.829e-02
5,10870886,snp_1944,1.414e-01
5,3818969,snp_1945,6.434e-01
5,12258662,snp_1946,5.395e-03
5,6964868,snp_1947,3.733e-03
5,26129438,snp_1948,4.199e-03
5,21266773,snp_1949,2.229e-03
5,15522081,snp_1950,1.595e-02
5,9986722,snp_1951,8.402e-03
5,27494513,snp_1952,1.024e-02
5,5499889,snp_1953,1.887e-02
5,10307027,snp_1954,1.740e-03
5,24640711,snp_1955,7.212e-02
5,29973470,snp_1956,8.897e-03
5,16123167,snp_1957,3.977e-02
5,16921772,snp_1958,8.048e-02
5,18066922,snp_1959,1.270e-01
5,36723064,snp_1960,2.596e-02
5,27696673,snp_1961,1.678e-03
5,8818785,snp_1962,1.188e-02
5,3351598,snp_1963,1.118e-01
5,29705559,snp_1964,2.861e-03
5,24466589,snp_1965,5.294e-01
5,9253342,snp_1966,4.718e-01
5,22178280,snp_1967,5.017e-01
5,11019462,snp_1968,1.613e-03
5,31161523,snp_1969,8.288e-01
5,36560399,snp_1970,8.969e-03
5,35945328,snp_1971,3.528e-01
5,19190236,snp_1972,8.490e-03
5,26089434,snp_1973,2.395e-02
5,4806822,snp_1974,8.110e-01
5,7331534,snp_1975,3.143e-03
5,281037,snp_1976,4.969e-02
5,20598056,snp_1977,8.552e-02
5,38326948,snp_1978,9.989e-03
5,35483408,snp_1979,1.006e-03
5,36427198,snp_1980,8.550e-03
5,1632809,snp_1981,4.231e-02
5,6496869,snp_1982,1.607e-03
5,29440801,snp_1983,1.922e-03
5,6739033,snp_1984,7.365e-02
5,5139398,snp_1985,8.087e-02
5,1962432,snp_1986,3.078e-02
5,6572104,snp_1987,1.228e-03
5,13028199,snp_1988,8.846e-03
5,32062795,snp_1989,2.756e-03
5,33068162,snp_1990,1.243e-01
5,18624307,snp_1991,1.476e-01
5,86131,snp_1992,1.225e-02
5,15173986,snp_1993,1.686e-03
5,35816865,snp_1994,1.320e-03
5,19873484,snp_1995,2.063e-03
5,36059935,snp_1996,2.076e-03
5,32703698,snp_1997,6.031e-01
5,227100,snp_1998,3.908e-02
5,11501325,snp_1999,4.304e-01
6,28250122,snp_2000,2.517e-01
6,11250981,snp_2001,4.478e-01
6,15614941,snp_2002,5.012e-01
6,16321752,snp_2003,3.137e-01
6,3930110,snp_2004,3.252e-02
6,4938885,snp_2005,1.030e-02
6,7175067,snp_2006,6.077e-02
6,9497721,snp_2007,4.857e-02
6,5781494,snp_2008,3.597e-03
6,3449404,snp_2009,4.531e-02
6,26636767,snp_2010,2.969e-01
6,11225766,snp_2011,4.675e-02
6,11400274,snp_2012,2.410e-03
6,6298217,snp_2013,2.459e-01
6,1277522,snp_2014,6.111e-02
6,23608213,snp_2015,1.959e-03
6,5087471,snp_2016,2.307e-01
6,15210288,snp_2017,9.717e-03
6,8435074,snp_2018,5.102e-02
6,17458016,snp_2019,3.895e-03
6,22668769,snp_2020,9.808e-02
6,24257782,snp_2021,2.232e-03
6,15926337,snp_2022,1.681e-03
6,26754358,snp_2023,6.352e-02
6,3482338,snp_2024,4.283e-01
6,671259,snp_2025,3.098e-01
6,15867385,snp_2026,4.855e-03
6,7505416,snp_2027,8.892e-03
6,10857746,snp_2028,1.174e-03
6,23402178,snp_2029,4.664e-02
6,9186140,snp_2030,3.285e-02
6,24146939,snp_2031,1.656e-01
6,4839407,snp_2032,2.766e-02
6,7916756,snp_2033,4.877e-03
6,27424084,snp_2034,1.040e-03
6,7849719,snp_2035,3.382e-03
6,6296562,snp_2036,7.344e-03
6,25703608,snp_2037,7.614e-03
6,15941423,snp_2038,2.603e-01
6,31498341,snp_2039,1.607e-02
6,20134950,snp_2040,1.876e-01
6,4198369,snp_2041,6.868e-01
6,31430020,snp_2042,1.619e-03
6,13528602,snp_2043,1.353e-02
6,2885809,snp_2044,6.305e-01
6,12925459,snp_2045,1.112e-01
6,20097909,snp_2046,1.850e-01
6,10668507,snp_2047,3.439e-02
6,16180377,snp_2048,1.124e-02
6,9656555,snp_2049,1.431e-01
6,8903361,snp_2050,8.213e-02
6,13267464,snp_2051,1.015e-01
6,1509188,snp_2052,6.751e-01
6,1654350,snp_2053,5.662e-03
6,6727046,snp_2054,3.609e-02
6,28830413,snp_2055,4.495e-01
6,5865844,snp_2056,1.420e-03
6,11538146,snp_2057,1.128e-01
6,3074688,snp_2058,8.123e-01
6,17510205,snp_2059,2.554e-03
6,10510908,snp_2060,5.797e-03
6,11468447,snp_2061,4.493e-03
6,16783285,snp_2062,7.142e-02
6,20635443,snp_2063,2.140e-01
6,12187695,snp_2064,2.152e-03
6,4140916,snp_2065,5.746e-03
6,3819410,snp_2066,1.658e-02
6,28947669,snp_2067,1.046e-02
6,6043355,snp_2068,7.435e-03
6,29370496,snp_2069,5.359e-01
6,17345527,snp_2070,8.679e-02
6,23018794,snp_2071,1.073e-03
6,6410383,snp_2072,6.664e-03
6,1390332,snp_2073,2.424e-01
6,17469821,snp_2074,1.603e-01
6,27833733,snp_2075,2.706e-03
6,28777508,snp_2076,1.184e-03
6,28399807,snp_2077,4.236e-02
6,22764130,snp_2078,1.832e-03
6,2148709,snp_2079,5.175e-02
6,29555563,snp_2080,2.908e-02
6,694193,snp_2081,1.522e-02
6,22109771,snp_2082,3.712e-01
6,1442191,snp_2083,1.905e-02
6,25209749,snp_2084,8.004e-03
6,23506383,snp_2085,5.990e-02
6,21728575,snp_2086,2.414e-03
6,30831491,snp_2087,2.895e-01
6,23824130,snp_2088,6.558e-02
6,24733151,snp_2089,5.855e-02
6,8615789,snp_2090,2.553e-01
6,5077650,snp_2091,2.030e-01
6,22110264,snp_2092,2.272e-03
6,25090950,snp_2093,4.041e-02
6,22460370,snp_2094,2.518e-02
6,9628634,snp_2095,1.995e-01
6,22476259,snp_2096,2.095e-02
6,5430097,snp_2097,6.538e-01
6,7559740,snp_2098,6.834e-01
6,4701163,snp_2099,2.205e-03
6,29425946,snp_2100,1.420e-01
6,25090139,snp_2101,1.135e-02
6,7902199,snp_2102,3.318e-03
6,16965215,snp_2103,8.828e-01
6,11026603,snp_2104,1.461e-02
6,11713604,snp_2105,5.063e-01
6,22387624,snp_2106,2.136e-02
6,22914987,snp_2107,5.564e-02
6,19405206,snp_2108,9.825e-02
6,1817238,snp_2109,3.492e-03
6,26147237,snp_2110,2.010e-01
6,30631215,snp_2111,2.683e-01
6,30833595,snp_2112,2.316e-02
6,31060742,snp_2113,4.512e-03
6,24769361,snp_2114,4.325e-01
6,23666789,snp_2115,6.655e-02
6,20748939,snp_2116,2.418e-03
6,20129503,snp_2117,2.113e-02
6,25922405,snp_2118,1.991e-01
6,8530084,snp_2119,1.714e-02
6,25633172,snp_2120,5.357e-03
6,4939237,snp_2121,1.847e-01
6,23048480,snp_2122,7.286e-02
6,28630046,snp_2123,4.716e-01
6,5760280,snp_2124,2.536e-01
6,27366497,snp_2125,2.471e-01
6,15566459,snp_2126,6.281e-03
6,20550265,snp_2127,7.725e-01
6,5170176,snp_2128,2.665e-01
6,12509738,snp_2129,1.435e-02
6,2204106,snp_2130,5.463e-01
6,7783059,snp_2131,1.854e-03
6,30794903,snp_2132,4.511e-01
6,16717165,snp_2133,6.398e-03
6,25641416,snp_2134,1.480e-02
6,11991758,snp_2135,7.743e-01
6,26230714,snp_2136,4.987e-03
6,20452454,snp_2137,6.622e-01
6,7881091,snp_2138,5.051e-01
6,4526499,snp_2139,1.257e-02
6,428320,snp_2140,1.257e-03
6,30389721,snp_2141,4.328e-01
6,23360921,snp_2142,8.948e-02
6,22450904,snp_2143,2.255e-01
6,15246162,snp_2144,1.948e-02
6,14100563,snp_2145,2.943e-01
6,10528191,snp_2146,3.120e-01
6,1773193,snp_2147,8.100e-03
6,19913082,snp_2148,3.863e-01
6,26178754,snp_2149,4.433e-01
6,9416910,snp_2150,2.760e-02
6,26545559,snp_2151,3.401e-01
6,28947355,snp_2152,7.572e-01
6,13555019,snp_2153,3.275e-01
6,20797806,snp_2154,1.922e-01
6,27894497,snp_2155,6.531e-02
6,28060591,snp_2156,3.333e-03
6,3567256,snp_2157,2.817e-01
6,3495123,snp_2158,4.466e-01
6,30333594,snp_2159,7.869e-02
6,19538959,snp_2160,3.989e-01
6,29301281,snp_2161,1.723e-03
6,28421179,snp_2162,1.468e-02
6,5650929,snp_2163,2.427e-02
6,19028497,snp_2164,8.824e-03
6,4767189,snp_2165,9.584e-03
6,9570039,snp_2166,3.453e-03
6,11055919,snp_2167,4.400e-01
6,29076433,snp_2168,9.952e-03
6,29604736,snp_2169,3.617e-03
6,22573112,snp_2170,5.305e-01
6,69142,snp_2171,1.575e-03
6,4717141,snp_2172,1.036e-02
6,10163232,snp_2173,6.277e-02
6,22891627,snp_2174,4.292e-03
6,15182902,snp_2175,5.642e-01
6,18337677,snp_2176,1.316e-03
6,8837360,snp_2177,4.821e-01
6,31568792,snp_2178,2.591e-01
6,12218416,snp_2179,1.019e-01
6,13450188,snp_2180,8.024e-03
6,13136404,snp_2181,4.066e-03
6,10582420,snp_2182,3.834e-03
6,20753048,snp_2183,1.677e-01
6,13286042,snp_2184,3.045e-02
6,16939057,snp_2185,2.394e-02
6,26067025,snp_2186,6.537e-02
6,18436723,snp_2187,5.077e-02
6,18338742,snp_2188,8.020e-03
6,23746561,snp_2189,7.514e-03
6,7463784,snp_2190,8.741e-01
6,31541298,snp_2191,7.932e-01
6,17719852,snp_2192,1.334e-03
6,29224626,snp_2193,5.946e-01
6,11086443,snp_2194,2.794e-03
6,27506775,snp_2195,3.419e-03
6,9352133,snp_2196,3.348e-01
6,27079617,snp_2197,1.211e-03
6,28972329,snp_2198,1.716e-01
6,26270686,snp_2199,6.098e-01
6,4373084,snp_2200,1.294e-03
6,22340058,snp_2201,6.863e-02
6,836110,snp_2202,1.269e-03
6,11795292,snp_2203,7.601e-03
6,21032095,snp_2204,5.400e-01
6,26575828,snp_2205,2.410e-03
6,957935,snp_2206,7.456e-02
6,2506829,snp_2207,5.280e-01
6,18062863,snp_2208,3.544e-03
6,4751233,snp_2209,2.581e-01
6,23596597,snp_2210,5.535e-03
6,22168724,snp_2211,1.165e-01
6,13059547,snp_2212,9.013e-02
6,24797405,snp_2213,7.925e-03
6,9100533,snp_2214,3.091e-01
6,27963268,snp_2215,7.166e-01
6,23836987,snp_2216,2.919e-02
6,344879,snp_2217,3.116e-03
6,21576543,snp_2218,2.322e-03
6,17585978,snp_2219,3.184e-03
6,29168967,snp_2220,2.948e-02
6,22511107,snp_2221,5.014e-02
6,4976023,snp_2222,1.200e-03
6,16549685,snp_2223,1.162e-03
6,3971071,snp_2224,2.113e-01
6,19645175,snp_2225,2.015e-01
6,5829468,snp_2226,5.615e-03
6,17749043,snp_2227,2.931e-03
6,25913259,snp_2228,3.699e-02
6,9938983,snp_2229,1.139e-02
6,26252657,snp_2230,2.909e-01
6,25493740,snp_2231,1.103e-02
6,6179719,snp_2232,4.268e-01
6,2469232,snp_2233,1.481e-02
6,26866901,snp_2234,7.366e-01
6,8955755,snp_2235,2.251e-02
6,2072884,snp_2236,1.544e-02
6,24007990,snp_2237,1.092e-01
6,17507766,snp_2238,1.166e-02
6,1027150,snp_2239,1.432e-01
6,30994123,snp_2240,1.922e-02
6,17890105,snp_2241,4.158e-03
6,1449661,snp_2242,1.052e-01
6,29941990,snp_2243,8.414e-01
6,11318157,snp_2244,1.309e-01
6,12634743,snp_2245,2.372e-01
6,23859497,snp_2246,6.445e-03
6,30904872,snp_2247,7.536e-03
6,3090321,snp_2248,5.604e-02
6,23529744,snp_2249,4.488e-01
6,25625600,snp_2250,3.213e-01
6,18633845,snp_2251,6.649e-02
6,18607908,snp_2252,2.732e-03
6,9206855,snp_2253,3.184e-01
6,14696542,snp_2254,2.181e-03
6,2960558,snp_2255,6.769e-03
6,28066244,snp_2256,3.698e-03
6,20761488,snp_2257,4.808e-03
6,5110781,snp_2258,1.280e-03
6,16384657,snp_2259,6.314e-03
6,20671830,snp_2260,1.606e-03
6,10834715,snp_2261,4.297e-03
6,10758724,snp_2262,7.710e-02
6,27163407,snp_2263,4.774e-02
6,28265471,snp_2264,4.636e-03
6,12301461,snp_2265,2.158e-01
6,19370463,snp_2266,5.355e-01
6,4836414,snp_2267,1.253e-02
6,15788743,snp_2268,3.768e-03
6,4526084,snp_2269,2.411e-03
6,17363205,snp_2270,1.235e-03
6,24798948,snp_2271,4.930e-01
6,2986680,snp_2272,1.058e-01
6,29641997,snp_2273,2.976e-01
6,8889442,snp_2274,7.554e-02
6,2831664,snp_2275,2.639e-01
6,24497309,snp_2276,1.545e-01
6,15018800,snp_2277,1.566e-01
6,27820485,snp_2278,1.076e-02
6,4457052,snp_2279,3.840e-01
6,18048592,snp_2280,6.811e-01
6,27260220,snp_2281,5.851e-02
6,27196678,snp_2282,1.756e-03
6,4093277,snp_2283,7.381e-02
6,26810615,snp_2284,1.385e-03
6,11858725,snp_2285,8.660e-03
6,16055937,snp_2286,1.495e-01
6,27784897,snp_2287,8.639e-03
6,19694997,snp_2288,1.124e-02
6,23516772,snp_2289,1.690e-01
6,26061657,snp_2290,8.444e-01
6,27071606,snp_2291,1.238e-01
6,5020615,snp_2292,5.917e-02
6,2315957,snp_2293,6.379e-02
6,14670277,snp_2294,4.722e-01
6,14784491,snp_2295,1.134e-02
6,28565255,snp_2296,3.790e-02
6,2723553,snp_2297,6.184e-03
6,29115340,snp_2298,1.693e-03
6,24379134,snp_2299,2.299e-01
6,10431854,snp_2300,1.033e-01
6,31621680,snp_2301,3.277e-02
6,22286997,snp_2302,3.509e-02
6,8834152,snp_2303,6.872e-01
6,4942399,snp_2304,3.661e-02
6,20317082,snp_2305,1.013e-01
6,994034,snp_2306,1.503e-02
6,12068229,snp_2307,1.540e-03
6,11471868,snp_2308,4.799e-02
6,15023518,snp_2309,6.173e-01
6,27546383,snp_2310,1.379e-03
6,21696116,snp_2311,1.425e-01
6,20173353,snp_2312,5.051e-01
6,2197915,snp_2313,5.689e-02
6,9467632,snp_2314,7.063e-03
6,27650109,snp_2315,2.523e-02
6,21250972,snp_2316,1.530e-01
6,26357236,snp_2317,4.757e-01
6,28613340,snp_2318,8.731e-02
6,23901825,snp_2319,2.915e-01
6,11084181,snp_2320,5.172e-02
6,15089837,snp_2321,8.278e-03
6,5099424,snp_2322,7.848e-03
6,11256060,snp_2323,8.053e-03
6,12349181,snp_2324,8.331e-01
6,24850576,snp_2325,1.543e-02
6,2469237,snp_2326,9.539e-03
6,19564842,snp_2327,9.885e-02
6,31302102,snp_2328,1.514e-03
6,23573697,snp_2329,5.980e-03
6,10044521,snp_2330,3.206e-01
6,14555413,snp_2331,3.273e-01
6,27428354,snp_2332,4.120e-01
6,30781912,snp_2333,5.638e-02
6,16524001,snp_2334,8.693e-01
6,14298359,snp_2335,3.120e-03
6,3989599,snp_2336,4.212e-02
6,30765454,snp_2337,4.598e-01
6,6937930,snp_2338,1.153e-03
6,13334167,snp_2339,2.183e-02
6,5271168,snp_2340,6.858e-02
6,11046394,snp_2341,1.382e-03
6,30838032,snp_2342,1.771e-02
6,456060,snp_2343,3.543e-03
6,513825,snp_2344,2.018e-03
6,15933529,snp_2345,2.455e-03
6,22192628,snp_2346,1.086e-02
6,14470948,snp_2347,5.487e-02
6,11177321,snp_2348,2.237e-02
6,16602643,snp_2349,4.932e-03
6,3598081,snp_2350,2.700e-01
6,13594630,snp_2351,2.680e-01
6,18878720,snp_2352,2.233e-02
6,12108802,snp_2353,2.864e-03
6,21850956,snp_2354,4.565e-02
6,8988805,snp_2355,1.318e-02
6,29358911,snp_2356,2.642e-03
6,31587565,snp_2357,3.737e-03
6,3294445,snp_2358,1.080e-02
6,19556845,snp_2359,5.454e-02
6,15753267,snp_2360,5.400e-03
6,29425342,snp_2361,4.528e-01
6,14093492,snp_2362,1.719e-02
6,1035679,snp_2363,1.244e-01
6,13348916,snp_2364,1.961e-01
6,14427548,snp_2365,6.696e-02
6,6206047,snp_2366,3.671e-02
6,3949085,snp_2367,1.246e-03
6,29006457,snp_2368,5.393e-02
6,26035728,snp_2369,7.476e-03
6,23520278,snp_2370,8.464e-01
6,11889213,snp_2371,1.947e-01
6,9000104,snp_2372,2.265e-03
6,8393801,snp_2373,2.996e-03
6,25233482,snp_2374,5.328e-02
6,7665660,snp_2375,1.970e-03
6,13155836,snp_2376,8.020e-01
6,4867322,snp_2377,7.007e-02
6,25917961,snp_2378,3.395e-03
6,19039103,snp_2379,9.151e-02
6,30438685,snp_2380,1.050e-03
6,7674440,snp_2381,1.197e-03
6,6114022,snp_2382,1.119e-02
6,26293792,snp_2383,3.855e-03
6,18338018,snp_2384,3.714e-01
6,20191955,snp_2385,1.166e-03
6,5512867,snp_2386,1.917e-03
6,16415639,snp_2387,4.567e-02
6,3160076,snp_2388,3.860e-03
6,16002452,snp_2389,1.222e-02
6,24888940,snp_2390,2.904e-03
6,19907768,snp_2391,1.522e-01
6,17546297,snp_2392,1.417e-03
6,6466346,snp_2393,4.730e-01
6,13881430,snp_2394,1.244e-02
6,18827829,snp_2395,7.378e-01
6,22454717,snp_2396,1.715e-03
6,2499822,snp_2397,6.636e-02
6,23557934,snp_2398,3.672e-01
6,14398237,snp_2399,1.222e-02
7,5972854,snp_2400,1.059e-02
7,7099838,snp_2401,2.389e-01
7,26908533,snp_2402,6.418e-03
7,25840480,snp_2403,6.833e-02
7,8339664,snp_2404,6.271e-01
7,2656201,snp_2405,3.356e-01
7,740889,snp_2406,1.109e-03
7,27756404,snp_2407,4.195e-01
7,29685721,snp_2408,3.873e-01
7,4541080,snp_2409,1.504e-01
7,5783077,snp_2410,5.269e-01
7,27041940,snp_2411,1.809e-03
7,6658562,snp_2412,4.498e-01
7,25467297,snp_2413,5.364e-02
7,15576609,snp_2414,1.271e-02
7,6732953,snp_2415,5.144e-02
7,28485564,snp_2416,1.205e-02
7,14435578,snp_2417,2.984e-01
7,9565106,snp_2418,1.924e-03
7,21120247,snp_2419,1.224e-02
7,27368039,snp_2420,4.020e-01
7,10975610,snp_2421,8.453e-02
7,31853787,snp_2422,1.514e-02
7,160548,snp_2423,2.575e-02
7,8148246,snp_2424,3.902e-01
7,19405580,snp_2425,2.338e-02
7,16584414,snp_2426,5.072e-03
7,6925390,snp_2427,7.474e-02
7,28769194,snp_2428,7.294e-01
7,4436375,snp_2429,5.056e-01
7,22142706,snp_2430,3.772e-01
7,8761858,snp_2431,2.303e-01
7,2944557,snp_2432,7.264e-03
7,20872379,snp_2433,3.734e-02
7,25901771,snp_2434,4.609e-02
7,30298731,snp_2435,1.695e-03
7,8007121,snp_2436,2.324e-01
7,27087153,snp_2437,6.818e-03
7,30795808,snp_2438,4.431e-01
7,25394036,snp_2439,1.647e-02
7,5303642,snp_2440,2.202e-01
7,23117887,snp_2441,4.691e-02
7,14284434,snp_2442,1.552e-02
7,8698063,snp_2443,1.023e-01
7,3443672,snp_2444,6.607e-02
7,6394371,snp_2445,8.108e-02
7,28747497,snp_2446,3.411e-03
7,14388349,snp_2447,2.119e-03
7,30674982,snp_2448,1.598e-01
7,13120650,snp_2449,1.474e-02
7,28086592,snp_2450,1.401e-03
7,16984725,snp_2451,5.957e-02
7,3670696,snp_2452,3.659e-03
7,13747487,snp_2453,2.521e-01
7,7854242,snp_2454,2.066e-01
7,11899283,snp_2455,3.328e-01
7,10067699,snp_2456,8.348e-01
7,22036753,snp_2457,6.846e-03
7,6844257,snp_2458,1.888e-02
7,10295284,snp_2459,1.835e-01
7,2120621,snp_2460,1.298e-01
7,6793118,snp_2461,2.035e-01
7,17959966,snp_2462,6.871e-03
7,30296342,snp_2463,3.699e-03
7,21494155,snp_2464,1.807e-02
7,20691344,snp_2465,8.664e-03
7,13933784,snp_2466,3.552e-03
7,6344094,snp_2467,6.361e-01
7,15814074,snp_2468,6.486e-01
7,8785838,snp_2469,3.964e-01
7,14496620,snp_2470,1.499e-02
7,18927263,snp_2471,1.789e-01
7,680950,snp_2472,7.896e-01
7,25078750,snp_2473,1.784e-02
7,148781,snp_2474,3.871e-02
7,4196027,snp_2475,1.253e-03
7,1184875,snp_2476,2.378e-02
7,16889172,snp_2477,9.009e-02
7,520982,snp_2478,3.663e-02
7,26568947,snp_2479,5.315e-02
7,9636928,snp_2480,1.033e-01
7,11072109,snp_2481,5.184e-01
7,24800455,snp_2482,3.113e-02
7,1507108,snp_2483,1.174e-01
7,31503231,snp_2484,3.124e-02
7,20525723,snp_2485,1.837e-03
7,26992380,snp_2486,1.527e-03
7,3289496,snp_2487,1.946e-01
7,26428276,snp_2488,3.473e-01
7,31809742,snp_2489,2.564e-03
7,23188099,snp_2490,1.916e-01
7,2817992,snp_2491,6.515e-03
7,26006473,snp_2492,3.486e-03
7,17210768,snp_2493,8.618e-01
7,22035115,snp_2494,6.240e-01
7,28280845,snp_2495,6.652e-01
7,1536903,snp_2496,1.128e-01
7,8443634,snp_2497,8.330e-03
7,25345198,snp_2498,6.766e-02
7,22368843,snp_2499,1.666e-03
7,18680163,snp_2500,3.947e-01
7,10223933,snp_2501,3.261e-01
7,18701841,snp_2502,2.767e-03
7,28670093,snp_2503,1.178e-02
7,21394592,snp_2504,2.575e-02
7,7700732,snp_2505,3.468e-02
7,15691438,snp_2506,1.326e-01
7,24737400,snp_2507,3.358e-02
7,2939099,snp_2508,4.894e-03
7,22775983,snp_2509,8.103e-02
7,26751182,snp_2510,1.718e-01
7,20719011,snp_2511,2.662e-03
7,22250389,snp_2512,5.350e-01
7,15835573,snp_2513,2.105e-01
7,21467068,snp_2514,3.706e-02
7,12328302,snp_2515,3.247e-02
7,10900041,snp_2516,3.538e-03
7,24383891,snp_2517,2.716e-02
7,10032677,snp_2518,1.459e-03
7,22684127,snp_2519,1.040e-02
7,27143861,snp_2520,4.348e-01
7,4164089,snp_2521,1.761e-03
7,12344808,snp_2522,4.124e-02
7,19865571,snp_2523,2.244e-01
7,12813183,snp_2524,5.591e-01
7,13546013,snp_2525,8.424e-03
7,30463581,snp_2526,1.767e-02
7,3267749,snp_2527,3.892e-02
7,3431323,snp_2528,4.216e-01
7,531088,snp_2529,3.895e-02
7,8540630,snp_2530,3.508e-02
7,16997123,snp_2531,8.161e-02
7,3788397,snp_2532,2.121e-02
7,11347527,snp_2533,2.111e-01
7,12708268,snp_2534,4.775e-02
7,10685190,snp_2535,4.447e-02
7,11839104,snp_2536,6.383e-01
7,12247054,snp_2537,1.631e-03
7,6209023,snp_2538,2.461e-01
7,5655568,snp_2539,1.368e-01
7,19448398,snp_2540,2.631e-02
7,3495713,snp_2541,6.352e-01
7,7970337,snp_2542,4.191e-01
7,3687920,snp_2543,2.040e-03
7,18416900,snp_2544,1.761e-01
7,17037026,snp_2545,1.372e-01
7,28257823,snp_2546,7.699e-03
7,12952599,snp_2547,6.180e-02
7,7040066,snp_2548,3.304e-03
7,22145334,snp_2549,3.085e-02
7,5475763,snp_2550,2.236e-01
7,20391320,snp_2551,7.375e-03
7,9220084,snp_2552,8.726e-01
7,5925586,snp_2553,1.871e-03
7,19918088,snp_2554,5.884e-03
7,27296162,snp_2555,8.329e-03
7,5450261,snp_2556,8.705e-03
7,5335413,snp_2557,9.336e-02
7,14574459,snp_2558,1.292e-03
7,21324032,snp_2559,4.871e-02
7,666803,snp_2560,1.190e-03
7,28214832,snp_2561,2.795e-01
7,24340932,snp_2562,8.342e-01
7,11274427,snp_2563,3.566e-02
7,32223,snp_2564,2.366e-03
7,15130008,snp_2565,6.557e-01
7,556794,snp_2566,8.787e-03
7,9305886,snp_2567,1.890e-01
7,16109018,snp_2568,5.282e-03
7,24821046,snp_2569,4.519e-01
7,25737874,snp_2570,9.115e-02
7,15709303,snp_2571,8.226e-02
7,17471918,snp_2572,9.839e-03
7,8117377,snp_2573,3.951e-02
7,26501689,snp_2574,1.153e-01
7,10685169,snp_2575,2.645e-02
7,21256978,snp_2576,2.500e-03
7,27012277,snp_2577,3.320e-02
7,8642467,snp_2578,2.618e-02
7,20484203,snp_2579,3.264e-01
7,13137000,snp_2580,1.996e-01
7,31827246,snp_2581,7.875e-02
7,989461,snp_2582,1.762e-02
7,22277315,snp_2583,4.779e-02
7,6605256,snp_2584,4.860e-01
7,29475956,snp_2585,6.848e-02
7,3455600,snp_2586,1.387e-01
7,20070914,snp_2587,2.200e-02
7,29211601,snp_2588,1.090e-03
7,28049477,snp_2589,2.716e-01
7,29145547,snp_2590,8.335e-02
7,10603745,snp_2591,1.629e-02
7,30264179,snp_2592,1.365e-01
7,6101480,snp_2593,1.740e-02
7,22470361,snp_2594,3.085e-03
7,3936796,snp_2595,4.016e-03
7,18142580,snp_2596,4.093e-03
7,11109675,snp_2597,4.216e-01
7,266854,snp_2598,1.639e-03
7,4710631,snp_2599,8.735e-03
7,16750620,snp_2600,1.245e-01
7,17869748,snp_2601,2.953e-01
7,15586454,snp_2602,5.746e-01
7,9436135,snp_2603,4.084e-02
7,6958008,snp_2604,3.272e-03
7,3951988,snp_2605,3.231e-02
7,162972,snp_2606,8.144e-02
7,26705332,snp_2607,6.350e-01
7,4409281,snp_2608,2.279e-03
7,25141427,snp_2609,2.945e-02
7,30688648,snp_2610,1.976e-02
7,30533719,snp_2611,7.016e-03
7,4566978,snp_2612,6.130e-03
7,13832778,snp_2613,1.742e-03
7,9310479,snp_2614,7.165e-01
7,29869359,snp_2615,1.645e-01
7,21723243,snp_2616,6.465e-02
7,12778243,snp_2617,1.917e-03
7,28591863,snp_2618,1.720e-03
7,19115127,snp_2619,2.746e-01
7,13953336,snp_2620,2.323e-03
7,25753486,snp_2621,3.463e-01
7,24577842,snp_2622,1.631e-01
7,13328887,snp_2623,2.298e-01
7,9764925,snp_2624,1.183e-01
7,29683147,snp_2625,3.887e-02
7,5870945,snp_2626,4.384e-03
7,26697082,snp_2627,4.642e-01
7,16859003,snp_2628,7.986e-03
7,16130427,snp_2629,8.487e-03
7,11447808,snp_2630,8.038e-02
7,14937407,snp_2631,1.299e-03
7,14768725,snp_2632,1.811e-03
7,845945,snp_2633,4.876e-03
7,2831191,snp_2634,3.430e-01
7,29034176,snp_2635,4.260e-03
7,18579926,snp_2636,7.068e-02
7,19878752,snp_2637,1.974e-03
7,28104302,snp_2638,6.195e-01
7,27057428,snp_2639,3.789e-01
7,21453630,snp_2640,3.843e-02
7,24428490,snp_2641,2.642e-02
7,26868232,snp_2642,5.015e-01
7,8650068,snp_2643,1.098e-03
7,3427337,snp_2644,1.573e-02
7,26315693,snp_2645,1.914e-02
7,22110407,snp_2646,2.513e-03
7,3888176,snp_2647,1.680e-02
7,16354726,snp_2648,6.839e-03
7,22461941,snp_2649,2.673e-02
7,17994882,snp_2650,1.249e-03
7,4367146,snp_2651,2.040e-03
7,20479971,snp_2652,3.115e-01
7,20114065,snp_2653,6.738e-03
7,29984505,snp_2654,3.745e-03
7,19967572,snp_2655,2.280e-01
7,2149657,snp_2656,3.152e-01
7,28171339,snp_2657,2.609e-02
7,7914687,snp_2658,4.409e-01
7,789412,snp_2659,2.870e-02
7,12509314,snp_2660,1.653e-03
7,9602526,snp_2661,3.334e-02
7,5892453,snp_2662,1.807e-01
7,27141341,snp_2663,1.521e-01
7,19618467,snp_2664,4.514e-02
7,21071996,snp_2665,3.860e-01
7,4682305,snp_2666,7.693e-01
7,4536303,snp_2667,5.668e-03
7,7705805,snp_2668,2.761e-02
7,22399701,snp_2669,2.285e-01
7,15382882,snp_2670,1.248e-01
7,3202286,snp_2671,1.634e-02
7,11760943,snp_2672,1.375e-01
7,12352653,snp_2673,3.894e-03
7,14854520,snp_2674,3.550e-03
7,4743782,snp_2675,1.300e-01
7,3846036,snp_2676,6.327e-02
7,18586830,snp_2677,7.071e-01
7,20824284,snp_2678,1.026e-02
7,14230699,snp_2679,1.867e-03
7,11357133,snp_2680,3.460e-01
7,28252185,snp_2681,3.962e-02
7,291992,snp_2682,3.041e-01
7,16028717,snp_2683,2.570e-03
7,6748454,snp_2684,1.939e-03
7,16810474,snp_2685,2.732e-02
7,5586789,snp_2686,3.187e-01
7,21000729,snp_2687,1.944e-02
7,14711023,snp_2688,2.612e-03
7,4483576,snp_2689,4.309e-03
7,21081108,snp_2690,1.682e-03
7,2183852,snp_2691,2.978e-03
7,15487839,snp_2692,1.290e-03
7,19396969,snp_2693,2.618e-01
7,22683737,snp_2694,2.847e-02
7,21095873,snp_2695,1.532e-01
7,22340152,snp_2696,1.633e-02
7,18592806,snp_2697,1.682e-02
7,26570101,snp_2698,5.632e-01
7,945187,snp_2699,6.138e-03
7,7418374,snp_2700,9.716e-03
7,15990154,snp_2701,8.831e-03
7,10362459,snp_2702,1.849e-01
7,24708564,snp_2703,1.754e-03
7,25472531,snp_2704,4.355e-01
7,28198756,snp_2705,6.338e-03
7,12297030,snp_2706,1.199e-03
7,29531298,snp_2707,5.852e-01
7,8019630,snp_2708,6.912e-01
7,24010335,snp_2709,4.441e-02
7,11984505,snp_2710,1.224e-02
7,943190,snp_2711,2.732e-01
7,3446934,snp_2712,4.207e-02
7,4265138,snp_2713,1.174e-02
7,17816197,snp_2714,2.358e-01
7,15723428,snp_2715,8.859e-03
7,7219623,snp_2716,5.763e-03
7,13897203,snp_2717,2.459e-02
7,25293215,snp_2718,4.969e-01
7,776179,snp_2719,1.314e-03
7,3080188,snp_2720,7.111e-01
7,4500330,snp_2721,8.601e-01
7,24793163,snp_2722,1.877e-02
7,27678031,snp_2723,8.808e-02
7,21846857,snp_2724,1.332e-03
7,23317131,snp_2725,2.466e-02
7,6087529,snp_2726,2.177e-01
7,26496126,snp_2727,2.968e-02
7,11413428,snp_2728,1.976e-03
7,27323622,snp_2729,3.849e-03
7,14051364,snp_2730,1.273e-02
7,27981732,snp_2731,1.866e-02
7,4072262,snp_2732,2.655e-02
7,3230887,snp_2733,3.012e-02
7,1648180,snp_2734,2.267e-02
7,721732,snp_2735,3.366e-03
7,9281487,snp_2736,3.213e-03
7,12500109,snp_2737,7.838e-02
7,27932607,snp_2738,3.050e-01
7,9222977,snp_2739,2.363e-02
7,7728745,snp_2740,2.646e-02
7,19570036,snp_2741,1.069e-01
7,19806880,snp_2742,2.185e-02
7,28552634,snp_2743,1.701e-02
7,29997173,snp_2744,1.108e-03
7,20914240,snp_2745,7.158e-01
7,13491959,snp_2746,2.283e-01
7,28431600,snp_2747,5.954e-01
7,6538847,snp_2748,3.472e-03
7,10552951,snp_2749,5.198e-03
7,29209331,snp_2750,5.836e-01
7,15801935,snp_2751,3.744e-03
7,18052734,snp_2752,1.414e-02
7,26733936,snp_2753,3.698e-03
7,11072784,snp_2754,5.511e-01
7,13326577,snp_2755,5.876e-03
7,29755023,snp_2756,2.147e-03
7,15328615,snp_2757,3.699e-01
7,23158529,snp_2758,4.396e-01
7,15899317,snp_2759,1.930e-01
7,11214045,snp_2760,3.476e-02
7,25022279,snp_2761,2.315e-03
7,7291935,snp_2762,1.595e-03
7,843758,snp_2763,4.402e-03
7,6280825,snp_2764,1.432e-02
7,12146710,snp_2765,8.578e-03
7,579335,snp_2766,3.370e-02
7,12394403,snp_2767,6.874e-02
7,4009670,snp_2768,7.604e-03
7,17594536,snp_2769,4.065e-01
7,3777715,snp_2770,1.361e-02
7,28928602,snp_2771,8.170e-02
7,10985701,snp_2772,1.745e-03
7,7625390,snp_2773,4.771e-01
7,321755,snp_2774,5.388e-02
7,24094671,snp_2775,3.691e-03
7,17167841,snp_2776,6.531e-01
7,25669822,snp_2777,2.365e-03
7,8001655,snp_2778,6.056e-01
7,1813884,snp_2779,4.532e-02
7,9047750,snp_2780,1.055e-01
7,19287287,snp_2781,2.105e-03
7,31955368,snp_2782,3.693e-01
7,12736783,snp_2783,1.024e-02
7,21021760,snp_2784,5.305e-01
7,30043382,snp_2785,2.201e-01
7,22579843,snp_2786,3.551e-03
7,28739348,snp_2787,2.610e-03
7,14200682,snp_2788,1.140e-01
7,11747951,snp_2789,2.105e-02
7,27821458,snp_2790,1.697e-01
7,28590097,snp_2791,1.022e-01
7,17334378,snp_2792,4.386e-01
7,11098074,snp_2793,5.471e-02
7,30433770,snp_2794,3.279e-02
7,2511573,snp_2795,1.817e-03
7,26939543,snp_2796,2.589e-02
7,9763103,snp_2797,2.083e-02
7,3929970,snp_2798,6.479e-03
7,25227128,snp_2799,6.985e-01
8,19475934,snp_2800,1.078e-02
8,12654915,snp_2801,4.102e-01
8,13913942,snp_2802,7.086e-01
8,7752181,snp_2803,6.557e-02
8,23069043,snp_2804,5.020e-01
8,7783560,snp_2805,1.417e-02
8,13814937,snp_2806,2.540e-03
8,10727804,snp_2807,6.591e-01
8,5737570,snp_2808,2.546e-01
8,12022451,snp_2809,6.249e-01
8,8510220,snp_2810,2.251e-02
8,9699858,snp_2811,7.470e-01
8,16977021,snp_2812,2.066e-03
8,25732979,snp_2813,1.875e-03
8,22596741,snp_2814,1.609e-02
8,21118872,snp_2815,8.795e-02
8,23126511,snp_2816,4.672e-02
8,11923843,snp_2817,6.292e-03
8,20509843,snp_2818,6.046e-01
8,3045743,snp_2819,6.384e-02
8,20116124,snp_2820,8.912e-03
8,23942946,snp_2821,1.524e-03
8,12926539,snp_2822,1.823e-02
8,15849302,snp_2823,2.625e-02
8,4533296,snp_2824,6.686e-02
8,20794850,snp_2825,1.668e-03
8,3677774,snp_2826,8.039e-01
8,22299593,snp_2827,1.395e-03
8,2385522,snp_2828,1.632e-01
8,15138179,snp_2829,9.001e-02
8,11004962,snp_2830,1.362e-02
8,10087243,snp_2831,1.012e-02
8,21820947,snp_2832,3.629e-03
8,16956380,snp_2833,3.831e-01
8,15853151,snp_2834,1.007e-01
8,7377082,snp_2835,2.646e-01
8,12904834,snp_2836,4.490e-02
8,13008448,snp_2837,1.261e-03
8,13392432,snp_2838,2.879e-03
8,6075370,snp_2839,5.987e-01
8,26182981,snp_2840,1.363e-01
8,17021343,snp_2841,1.056e-01
8,1786097,snp_2842,2.628e-01
8,21362191,snp_2843,1.366e-01
8,24236930,snp_2844,3.756e-01
8,17579389,snp_2845,3.286e-01
8,17233878,snp_2846,6.364e-01
8,3191779,snp_2847,6.862e-01
8,19088263,snp_2848,2.578e-03
8,16172468,snp_2849,6.702e-01
8,20006261,snp_2850,5.897e-01
8,19927945,snp_2851,1.534e-01
8,7179839,snp_2852,8.887e-03
8,23914394,snp_2853,8.085e-02
8,20033079,snp_2854,1.508e-02
8,9753547,snp_2855,5.265e-01
8,12377412,snp_2856,2.770e-02
8,6609057,snp_2857,9.748e-02
8,10356775,snp_2858,3.335e-03
8,11600904,snp_2859,1.139e-02
8,24426512,snp_2860,3.372e-01
8,9106831,snp_2861,4.216e-03
8,9342358,snp_2862,5.572e-02
8,18182904,snp_2863,3.643e-02
8,27149801,snp_2864,1.304e-02
8,4470935,snp_2865,6.583e-01
8,25945208,snp_2866,1.820e-03
8,712149,snp_2867,1.423e-02
8,22535122,snp_2868,2.774e-02
8,21777649,snp_2869,2.824e-02
8,16216973,snp_2870,8.611e-02
8,5992435,snp_2871,3.158e-03
8,909162,snp_2872,6.420e-03
8,10628141,snp_2873,1.015e-03
8,2187737,snp_2874,5.271e-01
8,26090491,snp_2875,1.939e-01
8,14041907,snp_2876,1.801e-02
8,15289573,snp_2877,5.208e-02
8,20443779,snp_2878,2.816e-03
8,14718504,snp_2879,6.285e-01
8,13172703,snp_2880,2.529e-02
8,12299456,snp_2881,1.432e-01
8,23315304,snp_2882,1.217e-01
8,6805681,snp_2883,1.710e-01
8,21408670,snp_2884,7.624e-02
8,12712315,snp_2885,5.532e-03
8,3218841,snp_2886,1.733e-01
8,20436882,snp_2887,2.256e-03
8,10092439,snp_2888,8.159e-02
8,14101799,snp_2889,1.786e-03
8,18220602,snp_2890,1.461e-02
8,12521189,snp_2891,5.181e-02
8,15878284,snp_2892,3.243e-03
8,3493946,snp_2893,2.312e-02
8,21654227,snp_2894,5.592e-02
8,16308137,snp_2895,3.487e-01
8,7258873,snp_2896,1.270e-01
8,8752748,snp_2897,5.123e-01
8,11741824,snp_2898,1.121e-03
8,16064289,snp_2899,1.213e-02
8,21548158,snp_2900,1.974e-03
8,24441922,snp_2901,8.021e-01
8,3368658,snp_2902,1.489e-01
8,15466548,snp_2903,1.607e-03
8,20717322,snp_2904,3.777e-01
8,950330,snp_2905,4.757e-02
8,19244585,snp_2906,1.071e-03
8,3691859,snp_2907,2.470e-03
8,25619313,snp_2908,1.916e-03
8,9882899,snp_2909,5.796e-02
8,15532422,snp_2910,7.074e-03
8,3319596,snp_2911,2.007e-03
8,25054031,snp_2912,1.604e-02
8,17197072,snp_2913,1.041e-03
8,1261626,snp_2914,5.898e-03
8,9899350,snp_2915,4.224e-02
8,11403034,snp_2916,4.200e-02
8,23281718,snp_2917,1.249e-01
8,13305925,snp_2918,3.572e-01
8,5116226,snp_2919,4.903e-03
8,25555694,snp_2920,1.538e-03
8,2336790,snp_2921,2.032e-03
8,16553501,snp_2922,7.226e-02
8,18111133,snp_2923,6.774e-02
8,12231675,snp_2924,2.815e-02
8,16400882,snp_2925,1.455e-03
8,2702387,snp_2926,1.183e-01
8,9513357,snp_2927,1.931e-02
8,25024685,snp_2928,1.736e-02
8,23539990,snp_2929,4.912e-02
8,9002513,snp_2930,1.024e-01
8,4975806,snp_2931,3.370e-01
8,22701143,snp_2932,6.065e-03
8,27587772,snp_2933,2.131e-01
8,14478062,snp_2934,1.792e-02
8,17164942,snp_2935,4.535e-01
8,7942484,snp_2936,3.984e-01
8,7637312,snp_2937,4.521e-02
8,24691345,snp_2938,1.256e-01
8,25593378,snp_2939,1.079e-03
8,21013357,snp_2940,1.670e-03
8,18586048,snp_2941,3.420e-01
8,5768610,snp_2942,2.989e-03
8,21052288,snp_2943,7.401e-01
8,25170813,snp_2944,1.313e-03
8,15055215,snp_2945,3.917e-03
8,185881,snp_2946,3.120e-03
8,718898,snp_2947,2.243e-01
8,26265858,snp_2948,1.841e-02
8,20417111,snp_2949,2.590e-02
8,23176665,snp_2950,1.202e-01
8,3057029,snp_2951,7.351e-03
8,23558918,snp_2952,4.355e-02
8,12055388,snp_2953,1.493e-01
8,24109963,snp_2954,1.048e-03
8,20404403,snp_2955,4.041e-01
8,9864866,snp_2956,5.209e-01
8,22124767,snp_2957,6.372e-03
8,9122871,snp_2958,2.846e-02
8,7700327,snp_2959,1.229e-02
8,14302618,snp_2960,4.547e-03
8,19712092,snp_2961,1.050e-01
8,25789629,snp_2962,4.694e-02
8,26002645,snp_2963,4.047e-03
8,8855459,snp_2964,2.936e-03
8,18438148,snp_2965,2.297e-03
8,993851,snp_2966,1.197e-02
8,222290,snp_2967,3.517e-01
8,10492027,snp_2968,1.471e-03
8,18778872,snp_2969,1.470e-01
8,4223290,snp_2970,3.541e-03
8,20458143,snp_2971,1.307e-01
8,5537966,snp_2972,2.324e-03
8,26517605,snp_2973,2.639e-03
8,20901165,snp_2974,8.721e-01
8,1875837,snp_2975,2.017e-02
8,5816129,snp_2976,2.658e-01
8,11661971,snp_2977,1.493e-01
8,10605846,snp_2978,1.688e-02
8,17785109,snp_2979,3.323e-02
8,18321309,snp_2980,2.623e-01
8,8369451,snp_2981,1.845e-01
8,8146768,snp_2982,3.304e-02
8,22220312,snp_2983,6.208e-02
8,9959875,snp_2984,3.398e-02
8,2692198,snp_2985,4.154e-01
8,24567129,snp_2986,5.283e-03
8,8011659,snp_2987,1.231e-03
8,9074940,snp_2988,9.905e-03
8,3230060,snp_2989,3.793e-02
8,8893911,snp_2990,4.122e-01
8,19437632,snp_2991,7.427e-03
8,21577073,snp_2992,3.334e-02
8,22442729,snp_2993,3.213e-02
8,11490276,snp_2994,1.808e-01
8,8113701,snp_2995,2.837e-02
8,24815769,snp_2996,4.372e-03
8,1695731,snp_2997,4.712e-03
8,7295862,snp_2998,1.030e-01
8,10915082,snp_2999,4.428e-02
8,11118701,snp_3000,1.813e-03
8,7483051,snp_3001,6.336e-03
8,9477780,snp_3002,3.430e-03
8,8603998,snp_3003,5.509e-02
8,15966509,snp_3004,2.876e-01
8,5750698,snp_3005,1.275e-02
8,26435195,snp_3006,1.383e-02
8,9194503,snp_3007,1.463e-02
8,555543,snp_3008,6.598e-03
8,22378349,snp_3009,4.828e-01
8,19654104,snp_3010,1.815e-03
8,21386321,snp_3011,2.084e-02
8,18265270,snp_3012,2.630e-02
8,10098479,snp_3013,2.315e-01
8,4378347,snp_3014,2.343e-02
8,23976657,snp_3015,1.877e-01
8,22346905,snp_3016,1.835e-03
8,9245203,snp_3017,2.060e-01
8,20451831,snp_3018,1.503e-03
8,1006088,snp_3019,7.779e-01
8,26225398,snp_3020,4.442e-01
8,11098005,snp_3021,3.308e-02
8,4377025,snp_3022,1.150e-01
8,6414575,snp_3023,4.692e-03
8,6897149,snp_3024,1.400e-01
8,3448252,snp_3025,4.336e-03
8,18274874,snp_3026,3.656e-01
8,20652390,snp_3027,1.424e-01
8,2368224,snp_3028,5.395e-01
8,20138877,snp_3029,5.023e-03
8,11584459,snp_3030,8.063e-01
8,23154736,snp_3031,1.464e-02
8,4234849,snp_3032,6.014e-03
8,22105238,snp_3033,2.382e-01
8,16892024,snp_3034,1.069e-01
8,9028357,snp_3035,2.745e-02
8,653489,snp_3036,1.385e-01
8,5652135,snp_3037,1.480e-01
8,18296481,snp_3038,3.626e-02
8,8122302,snp_3039,4.737e-01
8,26965320,snp_3040,1.973e-02
8,13480048,snp_3041,1.872e-03
8,14870428,snp_3042,1.692e-01
8,480037,snp_3043,3.046e-02
8,10978300,snp_3044,7.086e-02
8,15243511,snp_3045,4.271e-01
8,6248793,snp_3046,1.184e-03
8,11081584,snp_3047,1.842e-01
8,10313889,snp_3048,1.944e-02
8,17927452,snp_3049,9.318e-02
8,22581043,snp_3050,1.179e-03
8,2660287,snp_3051,2.823e-01
8,24119026,snp_3052,3.199e-02
8,6971342,snp_3053,3.413e-01
8,17193137,snp_3054,3.574e-02
8,20164522,snp_3055,1.899e-02
8,6482192,snp_3056,4.855e-03
8,7028648,snp_3057,1.075e-01
8,9422753,snp_3058,3.204e-01
8,8964666,snp_3059,1.916e-02
8,11337762,snp_3060,8.582e-01
8,19254368,snp_3061,5.280e-03
8,22163129,snp_3062,2.190e-02
8,8729652,snp_3063,1.063e-02
8,8975681,snp_3064,7.225e-03
8,14346877,snp_3065,2.612e-03
8,27686777,snp_3066,5.126e-01
8,2929549,snp_3067,7.713e-03
8,10477441,snp_3068,5.214e-03
8,4520586,snp_3069,5.533e-03
8,4635037,snp_3070,4.561e-02
8,27105599,snp_3071,6.835e-01
8,11829942,snp_3072,2.795e-01
8,22399008,snp_3073,3.257e-02
8,20888544,snp_3074,2.168e-02
8,11138953,snp_3075,1.187e-01
8,12145007,snp_3076,1.208e-01
8,25712663,snp_3077,8.991e-03
8,14571354,snp_3078,1.366e-02
8,10364373,snp_3079,1.076e-02
8,3946759,snp_3080,2.549e-02
8,5702199,snp_3081,1.376e-02
8,19925860,snp_3082,2.617e-02
8,7006769,snp_3083,3.842e-02
8,26109584,snp_3084,1.641e-03
8,20083584,snp_3085,2.725e-03
8,3774452,snp_3086,2.530e-02
8,23131212,snp_3087,8.337e-01
8,11610198,snp_3088,3.210e-01
8,1869890,snp_3089,1.169e-03
8,8696864,snp_3090,2.491e-01
8,19356102,snp_3091,2.310e-02
8,9232179,snp_3092,5.885e-01
8,13071326,snp_3093,3.079e-01
8,9773715,snp_3094,1.998e-02
8,6303696,snp_3095,1.244e-02
8,25877466,snp_3096,1.380e-01
8,22889874,snp_3097,2.450e-03
8,16300134,snp_3098,1.117e-01
8,17416595,snp_3099,5.759e-02
8,7104660,snp_3100,2.259e-02
8,18388984,snp_3101,5.266e-01
8,4250864,snp_3102,6.231e-03
8,7808466,snp_3103,1.494e-01
8,2853643,snp_3104,3.974e-03
8,16379580,snp_3105,4.899e-03
8,9207778,snp_3106,4.706e-03
8,16514923,snp_3107,1.356e-01
8,22514634,snp_3108,2.396e-03
8,18643591,snp_3109,3.576e-02
8,4688093,snp_3110,4.356e-03
8,27584477,snp_3111,4.792e-01
8,22404591,snp_3112,3.295e-01
8,4596590,snp_3113,2.344e-03
8,9017512,snp_3114,2.027e-03
8,1455494,snp_3115,2.757e-02
8,12262408,snp_3116,9.744e-03
8,9122137,snp_3117,2.978e-02
8,3271261,snp_3118,1.984e-02
8,10522718,snp_3119,6.497e-02
8,13232632,snp_3120,1.072e-01
8,14557566,snp_3121,2.424e-02
8,24633795,snp_3122,2.921e-03
8,26643868,snp_3123,1.448e-03
8,23248259,snp_3124,7.104e-03
8,23423155,snp_3125,1.980e-02
8,13668130,snp_3126,4.193e-03
8,19114094,snp_3127,2.015e-02
8,12143166,snp_3128,8.373e-02
8,705463,snp_3129,7.434e-02
8,12998307,snp_3130,9.406e-03
8,20316769,snp_3131,2.086e-01
8,15611995,snp_3132,1.014e-03
8,26198958,snp_3133,6.634e-02
8,4992255,snp_3134,5.553e-03
8,297641,snp_3135,4.424e-02
8,14669592,snp_3136,8.579e-01
8,8656430,snp_3137,4.703e-01
8,10287277,snp_3138,1.590e-01
8,25701333,snp_3139,1.445e-02
8,935061,snp_3140,1.377e-01
8,13351351,snp_3141,6.614e-01
8,19396649,snp_3142,1.598e-01
8,17438055,snp_3143,1.217e-03
8,22961584,snp_3144,2.533e-03
8,25868969,snp_3145,1.019e-03
8,17632431,snp_3146,3.189e-02
8,13203918,snp_3147,2.338e-03
8,20932969,snp_3148,3.699e-03
8,1065174,snp_3149,7.327e-01
8,24940001,snp_3150,3.148e-01
8,20531643,snp_3151,2.403e-03
8,3671513,snp_3152,5.155e-02
8,23588453,snp_3153,6.091e-01
8,17778514,snp_3154,5.836e-01
8,2718475,snp_3155,2.213e-02
8,27425963,snp_3156,2.383e-01
8,17123842,snp_3157,7.958e-01
8,23350572,snp_3158,2.804e-03
8,8826262,snp_3159,7.203e-03
8,25259596,snp_3160,1.655e-02
8,26335441,snp_3161,2.672e-02
8,26230696,snp_3162,5.763e-02
8,23362931,snp_3163,9.431e-03
8,1811515,snp_3164,3.282e-03
8,13986960,snp_3165,6.303e-03
8,2341788,snp_3166,4.385e-02
8,7684080,snp_3167,2.311e-01
8,14096846,snp_3168,2.753e-01
8,20828165,snp_3169,3.008e-03
8,89924,snp_3170,1.388e-01
8,9780185,snp_3171,8.764e-02
8,15845683,snp_3172,7.869e-03
8,15790352,snp_3173,3.838e-02
8,3242401,snp_3174,4.818e-01
8,20346300,snp_3175,2.525e-01
8,16486436,snp_3176,1.262e-03
8,21382989,snp_3177,4.200e-03
8,6066539,snp_3178,7.001e-02
8,2266662,snp_3179,6.507e-03
8,6881068,snp_3180,3.020e-03
8,17913475,snp_3181,1.953e-03
8,5329165,snp_3182,5.252e-03
8,3701817,snp_3183,6.204e-01
8,19687108,snp_3184,2.660e-01
8,3916317,snp_3185,1.045e-01
8,6301768,snp_3186,2.481e-01
8,24641686,snp_3187,2.676e-01
8,8225315,snp_3188,7.802e-03
8,7377852,snp_3189,3.198e-02
8,16139154,snp_3190,8.334e-02
8,17899768,snp_3191,4.202e-02
8,17598583,snp_3192,3.136e-03
8,1024386,snp_3193,3.073e-03
8,10756180,snp_3194,2.307e-02
8,5875137,snp_3195,7.560e-03
8,9675232,snp_3196,3.613e-03
8,22207071,snp_3197,2.178e-01
8,19512521,snp_3198,2.910e-02
8,23143753,snp_3199,4.044e-03
9,11828525,snp_3200,2.130e-01
9,5029753,snp_3201,1.515e-01
9,21245923,snp_3202,2.659e-02
9,14544213,snp_3203,3.533e-02
9,10767851,snp_3204,9.935e-02
9,12992244,snp_3205,1.019e-02
9,20770164,snp_3206,9.977e-02
9,2410838,snp_3207,7.786e-02
9,20764384,snp_3208,3.032e-01
9,10957953,snp_3209,9.054e-02
9,20809456,snp_3210,2.500e-01
9,8250327,snp_3211,2.951e-01
9,12600674,snp_3212,5.388e-03
9,10117094,snp_3213,1.352e-02
9,13679117,snp_3214,7.966e-03
9,16845085,snp_3215,3.572e-02
9,5613579,snp_3216,6.547e-03
9,13848896,snp_3217,3.361e-02
9,9244700,snp_3218,6.786e-01
9,21408857,snp_3219,1.815e-01
9,21541711,snp_3220,1.643e-03
9,2485559,snp_3221,4.939e-02
9,6207508,snp_3222,1.764e-02
9,13667624,snp_3223,2.925e-01
9,3834388,snp_3224,1.157e-01
9,13754623,snp_3225,7.798e-03
9,12077714,snp_3226,1.390e-03
9,13089469,snp_3227,3.454e-01
9,15288410,snp_3228,4.205e-03
9,1239840,snp_3229,4.823e-01
9,18271788,snp_3230,3.409e-01
9,7976040,snp_3231,6.051e-02
9,10614389,snp_3232,1.016e-02
9,4618431,snp_3233,2.769e-01
9,7087051,snp_3234,2.544e-01
9,19767400,snp_3235,4.594e-02
9,16687905,snp_3236,3.128e-01
9,12798175,snp_3237,4.592e-03
9,113954,snp_3238,3.020e-01
9,2302537,snp_3239,2.128e-02
9,9080944,snp_3240,2.105e-01
9,10884439,snp_3241,6.917e-02
9,10681134,snp_3242,1.714e-01
9,21131396,snp_3243,6.407e-02
9,7336630,snp_3244,1.552e-03
9,9215442,snp_3245,9.661e-02
9,6526309,snp_3246,9.109e-03
9,20111273,snp_3247,1.545e-02
9,12308852,snp_3248,8.448e-02
9,15437519,snp_3249,1.224e-03
9,619833,snp_3250,2.175e-03
9,4105754,snp_3251,1.804e-01
9,8348867,snp_3252,2.956e-02
9,36677,snp_3253,1.522e-02
9,9176201,snp_3254,5.273e-01
9,5302115,snp_3255,2.986e-02
9,1019707,snp_3256,1.146e-01
9,2139765,snp_3257,6.562e-02
9,4145291,snp_3258,3.201e-01
9,7169215,snp_3259,9.077e-03
9,11076778,snp_3260,1.514e-01
9,22008670,snp_3261,2.633e-01
9,9177016,snp_3262,2.654e-02
9,2452725,snp_3263,3.729e-03
9,7980290,snp_3264,6.146e-03
9,15114699,snp_3265,5.712e-02
9,18595625,snp_3266,2.988e-01
9,2966842,snp_3267,2.847e-02
9,15815969,snp_3268,8.238e-01
9,15067424,snp_3269,9.396e-03
9,9735656,snp_3270,6.154e-01
9,9793826,snp_3271,5.766e-03
9,2672298,snp_3272,3.707e-03
9,20930006,snp_3273,2.944e-02
9,17998473,snp_3274,7.072e-03
9,19454127,snp_3275,1.211e-03
9,2573519,snp_3276,2.645e-01
9,9772714,snp_3277,5.119e-03
9,20056668,snp_3278,5.176e-01
9,160320,snp_3279,1.422e-03
9,16306052,snp_3280,1.547e-01
9,11865947,snp_3281,1.371e-02
9,20100244,snp_3282,4.646e-02
9,10710614,snp_3283,6.799e-01
9,20000954,snp_3284,3.911e-02
9,1153959,snp_3285,1.520e-02
9,8510552,snp_3286,4.945e-02
9,15555502,snp_3287,4.873e-03
9,542264,snp_3288,1.451e-01
9,6757801,snp_3289,5.244e-02
9,10295959,snp_3290,1.180e-01
9,820760,snp_3291,4.174e-01
9,16866966,snp_3292,2.414e-02
9,9130889,snp_3293,2.711e-01
9,12328902,snp_3294,3.786e-01
9,3333373,snp_3295,3.121e-02
9,20572937,snp_3296,8.533e-02
9,10555466,snp_3297,1.346e-02
9,21173463,snp_3298,1.925e-03
9,21484371,snp_3299,3.385e-03
9,13114358,snp_3300,6.763e-01
9,7526334,snp_3301,6.872e-01
9,14042743,snp_3302,6.528e-03
9,18723777,snp_3303,4.484e-01
9,11813772,snp_3304,6.458e-03
9,7784079,snp_3305,1.179e-02
9,6959362,snp_3306,5.859e-02
9,4238733,snp_3307,5.585e-03
9,16629360,snp_3308,5.742e-03
9,1827108,snp_3309,1.814e-03
9,22242418,snp_3310,4.062e-03
9,13156458,snp_3311,1.035e-03
9,14186269,snp_3312,2.288e-02
9,18291608,snp_3313,7.979e-03
9,1125330,snp_3314,1.814e-02
9,4959565,snp_3315,1.550e-03
9,6332547,snp_3316,8.277e-03
9,4279825,snp_3317,2.954e-02
9,1054143,snp_3318,5.942e-02
9,4177203,snp_3319,1.287e-01
9,116403,snp_3320,2.182e-01
9,18022602,snp_3321,1.026e-02
9,6332130,snp_3322,3.853e-02
9,18211750,snp_3323,1.194e-02
9,2238799,snp_3324,1.935e-01
9,16339325,snp_3325,1.986e-01
9,14089589,snp_3326,6.337e-03
9,14041883,snp_3327,3.900e-02
9,9696657,snp_3328,1.563e-02
9,12478068,snp_3329,3.523e-02
9,12851384,snp_3330,8.676e-02
9,7366269,snp_3331,3.336e-03
9,3497786,snp_3332,2.689e-03
9,11499028,snp_3333,2.398e-02
9,3918012,snp_3334,6.300e-02
9,9285838,snp_3335,1.002e-02
9,13166095,snp_3336,5.225e-01
9,11212433,snp_3337,1.108e-03
9,1914881,snp_3338,5.538e-03
9,12204609,snp_3339,1.130e-01
9,17303748,snp_3340,4.150e-02
9,10770922,snp_3341,3.091e-01
9,13480055,snp_3342,1.284e-02
9,13018124,snp_3343,5.304e-02
9,17628287,snp_3344,5.413e-03
9,6542281,snp_3345,5.689e-03
9,22807493,snp_3346,6.965e-02
9,12388993,snp_3347,6.818e-02
9,21865835,snp_3348,3.852e-01
9,9120176,snp_3349,2.122e-01
9,2549567,snp_3350,1.249e-01
9,19931739,snp_3351,4.872e-03
9,22685410,snp_3352,1.154e-03
9,12676545,snp_3353,8.157e-02
9,5018177,snp_3354,1.966e-03
9,6426871,snp_3355,4.754e-03
9,14524901,snp_3356,9.784e-03
9,15828534,snp_3357,1.209e-02
9,14661717,snp_3358,2.939e-02
9,12271824,snp_3359,1.932e-01
9,9309523,snp_3360,5.216e-03
9,6597491,snp_3361,1.669e-03
9,3617372,snp_3362,2.364e-03
9,9219379,snp_3363,8.713e-01
9,19124531,snp_3364,5.004e-03
9,15122120,snp_3365,8.592e-03
9,2265886,snp_3366,1.732e-02
9,9635244,snp_3367,5.201e-02
9,4352683,snp_3368,7.317e-01
9,5166589,snp_3369,1.417e-02
9,11600119,snp_3370,5.158e-01
9,13149304,snp_3371,5.548e-02
9,526207,snp_3372,1.416e-02
9,3836097,snp_3373,1.273e-02
9,15771362,snp_3374,1.387e-03
9,523578,snp_3375,1.500e-02
9,18203031,snp_3376,6.331e-02
9,11783887,snp_3377,2.402e-01
9,21045138,snp_3378,3.977e-02
9,16663148,snp_3379,1.754e-01
9,10881281,snp_3380,7.035e-03
9,4604115,snp_3381,3.620e-01
9,1493631,snp_3382,7.226e-01
9,13311026,snp_3383,3.939e-02
9,15755416,snp_3384,4.377e-02
9,5574285,snp_3385,2.680e-01
9,10633252,snp_3386,1.143e-02
9,18521220,snp_3387,3.008e-03
9,20097484,snp_3388,1.857e-03
9,5642955,snp_3389,6.606e-03
9,1609537,snp_3390,5.516e-03
9,15717449,snp_3391,5.640e-02
9,11978206,snp_3392,3.655e-02
9,8879719,snp_3393,4.365e-03
9,22067614,snp_3394,2.208e-03
9,12383203,snp_3395,6.893e-03
9,13987974,snp_3396,1.076e-03
9,16471967,snp_3397,4.533e-02
9,19075848,snp_3398,5.938e-01
9,18705016,snp_3399,3.210e-03
9,16711323,snp_3400,6.796e-01
9,9204977,snp_3401,1.638e-03
9,14501684,snp_3402,4.486e-02
9,18146424,snp_3403,4.409e-01
9,19521004,snp_3404,5.177e-03
9,13361950,snp_3405,4.118e-03
9,16638584,snp_3406,7.395e-02
9,15130102,snp_3407,3.398e-01
9,5601594,snp_3408,3.360e-02
9,6095663,snp_3409,9.472e-02
9,15986905,snp_3410,3.964e-02
9,16341039,snp_3411,5.372e-03
9,17444856,snp_3412,8.705e-02
9,15882696,snp_3413,9.431e-02
9,10379060,snp_3414,1.546e-01
9,6344351,snp_3415,6.991e-01
9,3226827,snp_3416,2.575e-02
9,597806,snp_3417,2.257e-03
9,12986944,snp_3418,6.987e-03
9,7067139,snp_3419,6.891e-03
9,13081441,snp_3420,1.125e-01
9,16433127,snp_3421,9.201e-03
9,3559148,snp_3422,3.755e-03
9,2962546,snp_3423,1.439e-02
9,19799328,snp_3424,1.552e-01
9,5252443,snp_3425,2.753e-03
9,13440728,snp_3426,3.253e-01
9,278081,snp_3427,7.511e-02
9,11720653,snp_3428,2.414e-03
9,11910233,snp_3429,3.491e-02
9,20740876,snp_3430,1.206e-03
9,14837761,snp_3431,1.652e-02
9,11547899,snp_3432,2.548e-02
9,8710639,snp_3433,1.652e-03
9,14942041,snp_3434,2.405e-03
9,11109051,snp_3435,3.328e-02
9,8754278,snp_3436,9.489e-03
9,1492244,snp_3437,1.935e-01
9,4757227,snp_3438,3.215e-01
9,14026329,snp_3439,6.312e-03
9,2756022,snp_3440,2.339e-01
9,11494778,snp_3441,1.863e-02
9,14717581,snp_3442,8.204e-01
9,17197718,snp_3443,3.422e-03
9,18152459,snp_3444,1.998e-03
9,17085287,snp_3445,7.542e-02
9,756820,snp_3446,1.265e-02
9,21939792,snp_3447,2.839e-02
9,6256193,snp_3448,1.298e-03
9,19510294,snp_3449,2.310e-02
9,1830887,snp_3450,3.946e-03
9,10292795,snp_3451,2.554e-02
9,5639010,snp_3452,3.963e-03
9,4210025,snp_3453,1.541e-03
9,19761879,snp_3454,1.890e-01
9,16532256,snp_3455,2.670e-01
9,22570063,snp_3456,1.466e-01
9,6394534,snp_3457,5.726e-03
9,16899988,snp_3458,1.752e-03
9,20882304,snp_3459,3.622e-01
9,6977219,snp_3460,2.174e-01
9,5621688,snp_3461,5.047e-03
9,10999121,snp_3462,4.572e-01
9,20317688,snp_3463,6.299e-01
9,18206171,snp_3464,5.426e-01
9,11022552,snp_3465,4.430e-02
9,10970395,snp_3466,4.522e-01
9,13582353,snp_3467,1.531e-02
9,6912695,snp_3468,8.350e-01
9,9903854,snp_3469,1.907e-03
9,16592200,snp_3470,4.408e-02
9,14809550,snp_3471,1.632e-02
9,14632221,snp_3472,5.262e-03
9,22866431,snp_3473,1.612e-01
9,9383335,snp_3474,1.417e-01
9,14544548,snp_3475,9.561e-02
9,11137332,snp_3476,1.297e-01
9,14870673,snp_3477,1.481e-01
9,12264487,snp_3478,8.783e-02
9,15621095,snp_3479,2.924e-02
9,14424563,snp_3480,4.180e-01
9,17436367,snp_3481,2.586e-01
9,150192,snp_3482,2.063e-03
9,11742693,snp_3483,3.072e-02
9,4120391,snp_3484,5.090e-03
9,15508948,snp_3485,4.688e-01
9,19865751,snp_3486,8.706e-02
9,15831185,snp_3487,3.338e-03
9,4461469,snp_3488,4.259e-01
9,5341968,snp_3489,1.106e-01
9,7037666,snp_3490,4.887e-03
9,10874523,snp_3491,8.511e-03
9,21375717,snp_3492,2.136e-01
9,15483853,snp_3493,9.883e-02
9,4422489,snp_3494,6.041e-02
9,3958661,snp_3495,3.048e-01
9,15269613,snp_3496,9.755e-02
9,11902129,snp_3497,3.567e-02
9,13717255,snp_3498,5.250e-02
9,16741691,snp_3499,1.885e-01
9,6057586,snp_3500,1.562e-03
9,19229911,snp_3501,7.181e-02
9,7057222,snp_3502,6.400e-03
9,19109897,snp_3503,1.046e-01
9,7098346,snp_3504,1.942e-02
9,17576553,snp_3505,8.576e-01
9,21662304,snp_3506,6.121e-01
9,9420643,snp_3507,1.109e-02
9,3224737,snp_3508,4.001e-02
9,6319194,snp_3509,3.430e-03
9,4660064,snp_3510,9.930e-03
9,5897972,snp_3511,3.119e-03
9,545689,snp_3512,4.885e-02
9,8812674,snp_3513,2.012e-02
9,17030879,snp_3514,3.958e-03
9,14231769,snp_3515,4.484e-02
9,6313564,snp_3516,5.376e-01
9,3696882,snp_3517,6.570e-03
9,21697030,snp_3518,1.588e-02
9,21940186,snp_3519,1.436e-03
9,18003644,snp_3520,6.300e-02
9,22117320,snp_3521,7.343e-03
9,5757782,snp_3522,1.093e-03
9,13507190,snp_3523,5.957e-01
9,1293177,snp_3524,8.691e-02
9,12395976,snp_3525,4.545e-02
9,6550292,snp_3526,3.615e-02
9,20299460,snp_3527,5.392e-01
9,22519393,snp_3528,6.156e-03
9,18996500,snp_3529,2.354e-03
9,13592319,snp_3530,1.805e-02
9,12947697,snp_3531,4.541e-02
9,7555225,snp_3532,2.176e-02
9,15225827,snp_3533,2.031e-02
9,18835167,snp_3534,8.237e-03
9,3237119,snp_3535,4.773e-03
9,20066140,snp_3536,7.713e-03
9,17031830,snp_3537,1.337e-03
9,8324650,snp_3538,4.683e-03
9,17221146,snp_3539,2.072e-01
9,7403702,snp_3540,1.898e-01
9,8347100,snp_3541,2.307e-01
9,22387111,snp_3542,1.534e-01
9,13910542,snp_3543,1.580e-03
9,3232565,snp_3544,1.136e-02
9,9847976,snp_3545,3.733e-03
9,18392397,snp_3546,3.137e-03
9,1389318,snp_3547,1.073e-03
9,8606834,snp_3548,1.910e-02
9,22945171,snp_3549,1.314e-03
9,20120424,snp_3550,9.664e-02
9,12417032,snp_3551,1.307e-01
9,7691433,snp_3552,5.650e-01
9,1741132,snp_3553,4.766e-01
9,12865984,snp_3554,4.155e-01
9,3646320,snp_3555,2.724e-02
9,19622762,snp_3556,1.807e-02
9,10795504,snp_3557,1.076e-02
9,4399061,snp_3558,5.425e-01
9,15761916,snp_3559,3.448e-03
9,10732553,snp_3560,2.120e-03
9,22915102,snp_3561,3.170e-01
9,7614850,snp_3562,2.595e-01
9,13256213,snp_3563,4.079e-02
9,18000993,snp_3564,5.869e-03
9,21858567,snp_3565,2.120e-03
9,9251912,snp_3566,1.211e-01
9,14373127,snp_3567,6.305e-02
9,196758,snp_3568,9.976e-02
9,3468202,snp_3569,2.667e-03
9,13467140,snp_3570,4.842e-03
9,12268502,snp_3571,1.052e-02
9,4616703,snp_3572,3.361e-03
9,21325134,snp_3573,2.065e-03
9,16475199,snp_3574,1.771e-02
9,4352047,snp_3575,3.255e-01
9,7109057,snp_3576,4.491e-01
9,12292879,snp_3577,1.458e-03
9,909197,snp_3578,3.753e-01
9,8031744,snp_3579,5.568e-01
9,20062239,snp_3580,1.626e-03
9,15167667,snp_3581,2.265e-01
9,3763044,snp_3582,1.063e-03
9,5369071,snp_3583,1.723e-03
9,17798942,snp_3584,7.404e-01
9,20225435,snp_3585,1.459e-03
9,2837111,snp_3586,1.424e-03
9,585901,snp_3587,2.459e-03
9,19685034,snp_3588,2.161e-01
9,1134158,snp_3589,4.532e-02
9,4577669,snp_3590,4.738e-03
9,13601741,snp_3591,3.822e-01
9,22336529,snp_3592,2.852e-02
9,13327187,snp_3593,2.669e-02
9,3753690,snp_3594,2.146e-01
9,21678631,snp_3595,5.822e-03
9,8259218,snp_3596,1.032e-03
9,9566752,snp_3597,2.136e-01
9,2092306,snp_3598,2.848e-02
9,11015176,snp_3599,2.813e-02
10,570464,snp_3600,6.744e-02
10,14840278,snp_3601,1.298e-03
10,3535615,snp_3602,7.706e-02
10,10952529,snp_3603,5.719e-01
10,33422751,snp_3604,1.063e-02
10,8103895,snp_3605,7.611e-03
10,22981621,snp_3606,3.631e-03
10,30949497,snp_3607,8.003e-01
10,34069125,snp_3608,6.275e-03
10,31705244,snp_3609,6.549e-01
10,29941557,snp_3610,2.672e-01
10,327674,snp_3611,2.631e-02
10,4954381,snp_3612,3.665e-02
10,1377655,snp_3613,1.553e-02
10,7413730,snp_3614,5.854e-03
10,10355505,snp_3615,1.343e-02
10,29087771,snp_3616,5.167e-02
10,6170435,snp_3617,2.631e-02
10,5348700,snp_3618,3.649e-03
10,23625921,snp_3619,7.465e-02
10,32681253,snp_3620,4.262e-03
10,1059282,snp_3621,2.228e-01
10,14262245,snp_3622,7.065e-02
10,29729920,snp_3623,1.304e-02
10,1006214,snp_3624,7.478e-01
10,1006875,snp_3625,3.648e-02
10,25967887,snp_3626,3.343e-01
10,14403577,snp_3627,2.283e-02
10,26941358,snp_3628,6.585e-03
10,5997401,snp_3629,4.515e-01
10,12319368,snp_3630,1.964e-01
10,14835647,snp_3631,5.680e-01
10,34227979,snp_3632,3.801e-02
10,14665836,snp_3633,1.997e-03
10,15561134,snp_3634,2.643e-03
10,28599274,snp_3635,8.869e-01
10,16827026,snp_3636,1.978e-03
10,9075646,snp_3637,9.943e-02
10,19079232,snp_3638,1.340e-03
10,23617587,snp_3639,4.630e-01
10,17412075,snp_3640,3.150e-03
10,20183505,snp_3641,3.791e-01
10,18187006,snp_3642,3.749e-03
10,5038302,snp_3643,1.012e-02
10,26258832,snp_3644,6.824e-03
10,9974448,snp_3645,1.367e-02
10,8825389,snp_3646,1.624e-01
10,25794030,snp_3647,1.153e-01
10,25102573,snp_3648,3.861e-02
10,20874089,snp_3649,2.662e-02
10,34896212,snp_3650,1.456e-01
10,31783009,snp_3651,9.606e-02
10,13241706,snp_3652,3.324e-01
10,26019455,snp_3653,2.756e-03
10,26426688,snp_3654,3.896e-03
10,22326112,snp_3655,4.047e-03
10,34609581,snp_3656,8.086e-01
10,22423292,snp_3657,3.059e-03
10,8403181,snp_3658,6.019e-02
10,413836,snp_3659,3.402e-02
10,30304271,snp_3660,2.490e-01
10,30722802,snp_3661,1.220e-03
10,14333001,snp_3662,1.051e-03
10,16012609,snp_3663,1.495e-01
10,15541601,snp_3664,5.654e-03
10,23159270,snp_3665,2.706e-02
10,11919539,snp_3666,1.023e-03
10,6583190,snp_3667,8.792e-02
10,30809200,snp_3668,4.705e-03
10,16122932,snp_3669,4.627e-01
10,30252471,snp_3670,4.993e-03
10,9287704,snp_3671,4.398e-03
10,15069961,snp_3672,7.499e-01
10,19196986,snp_3673,4.688e-01
10,34452607,snp_3674,3.172e-03
10,4249752,snp_3675,7.040e-03
10,4462509,snp_3676,8.404e-02
10,15990392,snp_3677,2.079e-02
10,33196905,snp_3678,1.257e-03
10,34332189,snp_3679,2.578e-01
10,28973855,snp_3680,2.175e-03
10,18051702,snp_3681,3.404e-01
10,24046613,snp_3682,4.582e-03
10,7019823,snp_3683,5.668e-03
10,18570037,snp_3684,4.458e-03
10,19888245,snp_3685,2.426e-02
10,1660473,snp_3686,2.383e-02
10,19060545,snp_3687,8.009e-03
10,35233002,snp_3688,2.871e-01
10,5609078,snp_3689,8.767e-03
10,22433068,snp_3690,2.607e-03
10,7994316,snp_3691,1.602e-03
10,25301338,snp_3692,2.262e-02
10,33747455,snp_3693,5.002e-02
10,7144159,snp_3694,6.393e-01
10,34242677,snp_3695,5.854e-02
10,13771759,snp_3696,2.575e-02
10,14884451,snp_3697,3.501e-02
10,11374387,snp_3698,6.629e-03
10,10599606,snp_3699,5.360e-01
10,25027689,snp_3700,9.529e-03
10,7375896,snp_3701,6.114e-03
10,20987164,snp_3702,5.661e-01
10,26682272,snp_3703,3.436e-01
10,16992689,snp_3704,3.001e-01
10,34346860,snp_3705,1.173e-03
10,34567748,snp_3706,6.250e-02
10,5633571,snp_3707,5.175e-02
10,20896411,snp_3708,1.647e-01
10,12380880,snp_3709,1.916e-01
10,33532618,snp_3710,3.433e-01
10,14184027,snp_3711,6.432e-03
10,20702551,snp_3712,9.261e-03
10,7272593,snp_3713,3.388e-01
10,9733143,snp_3714,9.638e-02
10,22498408,snp_3715,2.595e-02
10,18522912,snp_3716,4.716e-03
10,21144804,snp_3717,1.841e-01
10,15485386,snp_3718,3.345e-03
10,19124225,snp_3719,1.414e-02
10,5429828,snp_3720,2.256e-03
10,26649790,snp_3721,6.699e-03
10,30924540,snp_3722,1.409e-03
10,1447643,snp_3723,3.006e-03
10,9025853,snp_3724,1.261e-02
10,15048622,snp_3725,2.838e-01
10,25077848,snp_3726,2.493e-03
10,17217829,snp_3727,1.234e-01
10,18473388,snp_3728,4.883e-01
10,25855122,snp_3729,1.315e-03
10,30565897,snp_3730,1.731e-01
10,30031677,snp_3731,3.098e-02
10,24789474,snp_3732,4.723e-02
10,2001693,snp_3733,4.362e-01
10,27204351,snp_3734,2.918e-03
10,25879265,snp_3735,1.910e-03
10,22622384,snp_3736,9.549e-02
10,23566232,snp_3737,1.617e-01
10,12601850,snp_3738,8.163e-01
10,25195681,snp_3739,3.293e-02
10,20697406,snp_3740,1.981e-01
10,15326213,snp_3741,1.466e-01
10,35237514,snp_3742,3.255e-03
10,17237540,snp_3743,1.447e-02
10,19984954,snp_3744,1.447e-02
10,30753458,snp_3745,9.565e-03
10,1487555,snp_3746,4.285e-01
10,29616171,snp_3747,1.133e-02
10,3482994,snp_3748,4.677e-01
10,34157285,snp_3749,1.762e-01
10,20497350,snp_3750,7.204e-03
10,21334162,snp_3751,3.507e-03
10,25379178,snp_3752,6.798e-01
10,22863462,snp_3753,4.480e-02
10,16279349,snp_3754,2.529e-03
10,1317074,snp_3755,5.941e-02
10,28450716,snp_3756,5.676e-03
10,15256619,snp_3757,1.867e-03
10,7633286,snp_3758,2.611e-01
10,22278096,snp_3759,9.540e-02
10,10326965,snp_3760,5.422e-02
10,1002554,snp_3761,4.008e-02
10,31479589,snp_3762,7.801e-02
10,24132731,snp_3763,8.137e-02
10,34116970,snp_3764,1.361e-01
10,27690679,snp_3765,9.833e-02
10,24701333,snp_3766,1.195e-02
10,27157201,snp_3767,2.994e-01
10,19732596,snp_3768,2.528e-03
10,22905806,snp_3769,5.820e-03
10,26616892,snp_3770,4.427e-03
10,6079295,snp_3771,2.989e-02
10,3140008,snp_3772,8.169e-02
10,19017353,snp_3773,3.757e-03
10,34128101,snp_3774,1.038e-01
10,10806019,snp_3775,1.791e-03
10,3195234,snp_3776,5.651e-02
10,21969939,snp_3777,1.158e-02
10,26731558,snp_3778,2.258e-01
10,30244048,snp_3779,3.296e-02
10,11907205,snp_3780,4.556e-02
10,12771515,snp_3781,3.022e-01
10,5955106,snp_3782,7.999e-01
10,6705807,snp_3783,1.081e-01
10,17882622,snp_3784,1.136e-02
10,10465712,snp_3785,1.987e-02
10,6285995,snp_3786,1.335e-02
10,2683010,snp_3787,4.727e-01
10,25145153,snp_3788,1.785e-03
10,23432381,snp_3789,2.729e-03
10,5150304,snp_3790,8.841e-02
10,12500740,snp_3791,3.610e-01
10,13611622,snp_3792,2.866e-03
10,26014934,snp_3793,2.314e-03
10,28212808,snp_3794,1.382e-02
10,34299170,snp_3795,9.878e-02
10,7943696,snp_3796,3.258e-03
10,8688468,snp_3797,3.110e-01
10,35074090,snp_3798,7.451e-01
10,7931109,snp_3799,7.934e-03
10,7737010,snp_3800,2.335e-03
10,15559017,snp_3801,3.597e-03
10,5136569,snp_3802,1.187e-01
10,34081704,snp_3803,2.632e-03
10,17075409,snp_3804,4.520e-02
10,19656439,snp_3805,1.011e-03
10,6792350,snp_3806,2.518e-01
10,18322591,snp_3807,5.904e-02
10,20332515,snp_3808,1.941e-03
10,13677469,snp_3809,1.509e-01
10,28153098,snp_3810,7.521e-02
10,28327218,snp_3811,4.760e-02
10,12879327,snp_3812,1.659e-03
10,8292818,snp_3813,2.269e-02
10,2722056,snp_3814,8.036e-03
10,11365246,snp_3815,3.229e-03
10,24819005,snp_3816,4.010e-03
10,20456237,snp_3817,4.623e-01
10,32417139,snp_3818,1.103e-03
10,25028143,snp_3819,2.348e-02
10,3703149,snp_3820,3.254e-03
10,8049680,snp_3821,8.364e-02
10,24808746,snp_3822,1.173e-03
10,29010987,snp_3823,1.947e-01
10,9509244,snp_3824,3.034e-03
10,16261538,snp_3825,4.553e-02
10,20883921,snp_3826,5.745e-01
10,35184022,snp_3827,7.669e-01
10,15845650,snp_3828,1.076e-02
10,31652613,snp_3829,3.499e-02
10,24955891,snp_3830,5.779e-01
10,12522386,snp_3831,1.360e-03
10,9755052,snp_3832,1.609e-01
10,31676898,snp_3833,7.390e-01
10,21119789,snp_3834,4.776e-02
10,27007180,snp_3835,3.602e-01
10,14000490,snp_3836,9.947e-03
10,10947001,snp_3837,7.821e-03
10,10764535,snp_3838,1.836e-01
10,28210303,snp_3839,2.828e-02
10,14385476,snp_3840,4.891e-03
10,34632475,snp_3841,1.655e-02
10,30482830,snp_3842,1.219e-03
10,1871612,snp_3843,5.301e-03
10,20756184,snp_3844,4.622e-03
10,2509103,snp_3845,5.785e-01
10,14617593,snp_3846,2.982e-01
10,6876437,snp_3847,1.147e-03
10,27338213,snp_3848,1.073e-03
10,29529032,snp_3849,7.295e-01
10,32818050,snp_3850,6.316e-03
10,11723081,snp_3851,4.701e-01
10,14258747,snp_3852,7.625e-03
10,24215458,snp_3853,3.763e-03
10,13472077,snp_3854,3.552e-02
10,29936283,snp_3855,2.571e-01
10,10995411,snp_3856,2.671e-01
10,15205865,snp_3857,1.609e-01
10,3205905,snp_3858,1.519e-01
10,7088022,snp_3859,8.203e-02
10,22868296,snp_3860,5.121e-01
10,15960807,snp_3861,4.706e-01
10,9107664,snp_3862,2.270e-03
10,2151800,snp_3863,2.025e-02
10,24122074,snp_3864,4.659e-01
10,61086,snp_3865,1.106e-03
10,444433,snp_3866,9.678e-02
10,10821167,snp_3867,3.889e-03
10,20071822,snp_3868,6.986e-02
10,2451717,snp_3869,2.763e-01
10,22488697,snp_3870,3.022e-02
10,18910621,snp_3871,1.179e-03
10,3426074,snp_3872,8.602e-03
10,5464968,snp_3873,7.018e-02
10,6251375,snp_3874,4.466e-02
10,29890616,snp_3875,4.706e-03
10,17925356,snp_3876,3.529e-03
10,15726867,snp_3877,1.303e-02
10,33046543,snp_3878,2.137e-03
10,28041805,snp_3879,3.937e-01
10,33009618,snp_3880,1.555e-03
10,3807992,snp_3881,8.611e-03
10,20850122,snp_3882,2.859e-01
10,3523444,snp_3883,2.400e-01
10,5485513,snp_3884,1.384e-02
10,11921177,snp_3885,4.062e-02
10,23266240,snp_3886,3.135e-03
10,27703146,snp_3887,1.463e-03
10,23627238,snp_3888,5.713e-01
10,8699724,snp_3889,3.411e-01
10,33933186,snp_3890,3.179e-02
10,28056168,snp_3891,6.719e-01
10,2071357,snp_3892,1.127e-03
10,16974714,snp_3893,2.893e-03
10,23307650,snp_3894,5.295e-03
10,20886405,snp_3895,2.812e-03
10,3213643,snp_3896,1.043e-02
10,32218836,snp_3897,1.946e-02
10,24810917,snp_3898,2.577e-02
10,26744243,snp_3899,1.129e-02
10,9983697,snp_3900,3.551e-01
10,26977409,snp_3901,1.218e-01
10,22130334,snp_3902,5.721e-02
10,13322839,snp_3903,3.185e-02
10,17356875,snp_3904,1.004e-01
10,17104778,snp_3905,6.354e-02
10,17582128,snp_3906,4.268e-03
10,10147372,snp_3907,8.552e-03
10,1947387,snp_3908,3.146e-03
10,6645358,snp_3909,4.863e-01
10,31520147,snp_3910,5.544e-03
10,20184755,snp_3911,2.745e-01
10,11082268,snp_3912,6.435e-01
10,988015,snp_3913,1.253e-03
10,13599652,snp_3914,8.171e-02
10,19000708,snp_3915,3.311e-03
10,24173494,snp_3916,4.680e-02
10,17962317,snp_3917,2.785e-03
10,17975417,snp_3918,8.723e-03
10,1580108,snp_3919,2.076e-01
10,16155359,snp_3920,2.524e-01
10,7828592,snp_3921,1.012e-01
10,25228857,snp_3922,3.083e-02
10,20180176,snp_3923,1.385e-02
10,1598240,snp_3924,6.677e-02
10,31810871,snp_3925,4.044e-01
10,10262124,snp_3926,1.914e-03
10,23305324,snp_3927,1.778e-03
10,11686355,snp_3928,2.677e-01
10,13776824,snp_3929,1.889e-01
10,32420822,snp_3930,5.811e-02
10,5509411,snp_3931,1.526e-02
10,21968668,snp_3932,1.543e-01
10,32583144,snp_3933,8.767e-03
10,25092396,snp_3934,1.945e-03
10,10943962,snp_3935,1.500e-03
10,23084217,snp_3936,1.797e-03
10,14458311,snp_3937,8.314e-01
10,29098520,snp_3938,6.878e-02
10,29772646,snp_3939,2.460e-01
10,27532231,snp_3940,1.594e-01
10,368511,snp_3941,8.073e-03
10,1476889,snp_3942,4.864e-03
10,4553985,snp_3943,8.241e-03
10,2491824,snp_3944,4.098e-01
10,5615227,snp_3945,4.130e-03
10,2349643,snp_3946,2.323e-02
10,5913539,snp_3947,5.844e-03
10,33754053,snp_3948,6.929e-03
10,24556991,snp_3949,1.288e-01
10,10120697,snp_3950,2.668e-03
10,9239504,snp_3951,5.071e-03
10,13953152,snp_3952,2.175e-03
10,7141685,snp_3953,4.952e-01
10,29907619,snp_3954,2.279e-01
10,18310371,snp_3955,6.994e-01
10,16918054,snp_3956,4.182e-01
10,1343751,snp_3957,6.386e-02
10,2954107,snp_3958,8.014e-03
10,2381445,snp_3959,4.613e-02
10,13105011,snp_3960,5.914e-03
10,15617949,snp_3961,4.798e-03
10,23421307,snp_3962,2.913e-02
10,34432104,snp_3963,4.817e-03
10,25613122,snp_3964,6.621e-01
10,502119,snp_3965,3.159e-01
10,30368121,snp_3966,1.622e-01
10,6201935,snp_3967,3.864e-02
10,31854759,snp_3968,6.075e-01
10,13427686,snp_3969,1.435e-03
10,17864084,snp_3970,1.930e-01
10,22161228,snp_3971,9.102e-02
10,25481363,snp_3972,7.505e-01
10,15565185,snp_3973,2.897e-03
10,21258348,snp_3974,1.262e-01
10,5692047,snp_3975,2.168e-02
10,11220063,snp_3976,4.183e-01
10,2301274,snp_3977,2.641e-02
10,616975,snp_3978,6.677e-03
10,25583767,snp_3979,1.003e-01
10,1357841,snp_3980,1.952e-03
10,24178837,snp_3981,8.562e-01
10,120871,snp_3982,5.993e-01
10,13692432,snp_3983,1.894e-02
10,30280335,snp_3984,5.030e-03
10,1243546,snp_3985,2.190e-02
10,699355,snp_3986,3.305e-03
10,16833554,snp_3987,1.837e-02
10,13640404,snp_3988,8.462e-03
10,13665574,snp_3989,1.840e-03
10,8397518,snp_3990,3.183e-02
10,8834700,snp_3991,1.144e-03
10,22496322,snp_3992,3.440e-02
10,31749253,snp_3993,4.074e-02
10,31073250,snp_3994,1.948e-01
10,10135697,snp_3995,6.217e-03
10,34026910,snp_3996,6.369e-02
10,9087989,snp_3997,3.000e-01
10,26146486,snp_3998,4.747e-02
10,10594817,snp_3999,6.675e-01
11,23999703,snp_4000,2.252e-02
11,7665254,snp_4001,5.800e-02
11,28371185,snp_4002,8.106e-02
11,31807117,snp_4003,5.101e-02
11,14106502,snp_4004,6.114e-03
11,14990165,snp_4005,6.369e-02
11,12277350,snp_4006,9.733e-02
11,13470193,snp_4007,6.550e-03
11,6953706,snp_4008,2.042e-01
11,6448848,snp_4009,2.376e-01
11,29501487,snp_4010,1.012e-02
11,20899314,snp_4011,1.968e-03
11,18512779,snp_4012,4.969e-03
11,13785097,snp_4013,1.123e-02
11,7210310,snp_4014,3.412e-01
11,3669092,snp_4015,1.061e-02
11,10141749,snp_4016,3.112e-03
11,26157317,snp_4017,1.289e-02
11,1718399,snp_4018,2.039e-01
11,18630553,snp_4019,3.074e-01
11,12977405,snp_4020,2.651e-02
11,6089205,snp_4021,4.398e-02
11,23435201,snp_4022,6.477e-02
11,22524225,snp_4023,1.392e-01
11,25191300,snp_4024,1.941e-02
11,5263212,snp_4025,5.814e-02
11,26403203,snp_4026,2.325e-01
11,13889163,snp_4027,3.696e-02
11,29313185,snp_4028,3.672e-01
11,31448190,snp_4029,1.040e-01
11,31507887,snp_4030,1.392e-02
11,24831514,snp_4031,2.323e-03
11,22834767,snp_4032,4.251e-03
11,2895760,snp_4033,8.403e-01
11,29117968,snp_4034,6.228e-01
11,28792145,snp_4035,1.061e-01
11,30453714,snp_4036,2.245e-01
11,5085828,snp_4037,2.097e-01
11,28389528,snp_4038,7.574e-02
11,30705024,snp_4039,1.694e-02
11,27969972,snp_4040,3.536e-02
11,23760525,snp_4041,1.245e-01
11,3427615,snp_4042,1.961e-02
11,30420393,snp_4043,3.174e-01
11,14020735,snp_4044,2.397e-02
11,20879479,snp_4045,3.041e-01
11,18651765,snp_4046,3.671e-02
11,33205926,snp_4047,8.215e-03
11,30516116,snp_4048,1.176e-03
11,22418713,snp_4049,3.291e-01
11,15024306,snp_4050,5.257e-03
11,4579139,snp_4051,6.702e-02
11,12811233,snp_4052,2.800e-01
11,673846,snp_4053,8.318e-03
11,27622049,snp_4054,1.599e-03
11,19751647,snp_4055,2.592e-01
11,30189779,snp_4056,1.224e-03
11,31966611,snp_4057,1.897e-02
11,29906647,snp_4058,1.086e-03
11,29936596,snp_4059,5.582e-01
11,4557008,snp_4060,1.161e-01
11,13292317,snp_4061,3.229e-01
11,33529906,snp_4062,4.137e-03
11,22588736,snp_4063,1.298e-03
11,10829920,snp_4064,7.101e-03
11,32039476,snp_4065,5.069e-01
11,20356847,snp_4066,3.909e-03
11,538814,snp_4067,2.096e-03
11,14106942,snp_4068,2.827e-01
11,28746620,snp_4069,2.418e-01
11,9463840,snp_4070,2.599e-02
11,30930587,snp_4071,3.204e-02
11,30589229,snp_4072,6.260e-01
11,8064356,snp_4073,1.110e-01
11,15160303,snp_4074,4.708e-02
11,1366181,snp_4075,5.464e-03
11,25657099,snp_4076,3.969e-02
11,2709828,snp_4077,2.107e-02
11,4412016,snp_4078,1.159e-03
11,21078071,snp_4079,6.065e-03
11,648790,snp_4080,6.715e-02
11,30545941,snp_4081,6.745e-02
11,1215143,snp_4082,9.287e-03
11,23532676,snp_4083,9.118e-02
11,27122064,snp_4084,2.703e-03
11,26479571,snp_4085,5.608e-02
11,11553610,snp_4086,1.474e-03
11,24284426,snp_4087,2.092e-02
11,16507695,snp_4088,1.457e-01
11,30843876,snp_4089,1.736e-03
11,2863518,snp_4090,9.653e-03
11,10759522,snp_4091,2.812e-02
11,3833723,snp_4092,3.616e-03
11,27226096,snp_4093,4.307e-01
11,2512965,snp_4094,7.055e-02
11,5200753,snp_4095,3.852e-03
11,26302494,snp_4096,2.524e-03
11,325717,snp_4097,8.134e-01
11,27251747,snp_4098,2.416e-03
11,20851510,snp_4099,3.084e-01
11,21144150,snp_4100,2.396e-03
11,15559865,snp_4101,2.363e-03
11,26547492,snp_4102,4.343e-01
11,4119183,snp_4103,7.460e-03
11,6737790,snp_4104,5.612e-03
11,2740606,snp_4105,4.781e-01
11,32128295,snp_4106,8.683e-01
11,26731912,snp_4107,1.830e-01
11,1688442,snp_4108,5.197e-01
11,10820004,snp_4109,2.446e-02
11,16075904,snp_4110,2.333e-01
11,33362164,snp_4111,1.458e-02
11,6283370,snp_4112,1.260e-01
11,22833751,snp_4113,2.502e-03
11,2068950,snp_4114,2.538e-01
11,213201,snp_4115,2.699e-01
11,6676977,snp_4116,3.354e-01
11,18303167,snp_4117,1.204e-03
11,23637732,snp_4118,7.526e-03
11,2559065,snp_4119,2.502e-01
11,10853791,snp_4120,1.056e-03
11,5485008,snp_4121,1.191e-02
11,20002117,snp_4122,1.498e-02
11,17109609,snp_4123,1.283e-01
11,14403598,snp_4124,3.295e-03
11,24835753,snp_4125,2.426e-02
11,22113875,snp_4126,1.242e-03
11,8498778,snp_4127,5.307e-03
11,2183328,snp_4128,5.818e-01
11,11624343,snp_4129,6.136e-03
11,20932042,snp_4130,3.450e-03
11,2699948,snp_4131,4.954e-03
11,24182867,snp_4132,8.215e-01
11,25133790,snp_4133,4.895e-01
11,19861311,snp_4134,1.765e-03
11,12207092,snp_4135,8.726e-03
11,22902514,snp_4136,5.697e-01
11,8862450,snp_4137,2.970e-03
11,15222976,snp_4138,5.761e-03
11,16224650,snp_4139,2.992e-02
11,25780271,snp_4140,1.060e-01
11,33739300,snp_4141,2.447e-01
11,19830598,snp_4142,6.669e-01
11,11917185,snp_4143,3.788e-02
11,15589488,snp_4144,1.682e-03
11,28585497,snp_4145,1.207e-03
11,15656475,snp_4146,1.985e-03
11,15269897,snp_4147,3.395e-01
11,25345978,snp_4148,5.155e-02
11,826678,snp_4149,3.457e-01
11,10695682,snp_4150,1.072e-03
11,21349019,snp_4151,5.912e-02
11,471093,snp_4152,4.125e-03
11,22347897,snp_4153,2.756e-01
11,20023357,snp_4154,2.555e-01
11,3202935,snp_4155,6.247e-02
11,5062084,snp_4156,9.014e-02
11,732151,snp_4157,6.207e-02
11,10249875,snp_4158,1.356e-03
11,18550707,snp_4159,1.897e-01
11,16430172,snp_4160,6.531e-03
11,14617460,snp_4161,1.430e-03
11,5397108,snp_4162,1.234e-03
11,2018096,snp_4163,1.299e-03
11,2259403,snp_4164,9.916e-02
11,16098062,snp_4165,1.249e-01
11,7941045,snp_4166,1.469e-03
11,27138139,snp_4167,5.270e-02
11,437912,snp_4168,1.100e-01
11,5355968,snp_4169,1.231e-02
11,23100473,snp_4170,4.836e-02
11,4114759,snp_4171,3.700e-01
11,9519603,snp_4172,6.486e-03
11,27256409,snp_4173,2.517e-03
11,12480214,snp_4174,1.222e-03
11,2131717,snp_4175,4.277e-02
11,14082017,snp_4176,2.148e-01
11,11015723,snp_4177,1.825e-01
11,29442985,snp_4178,1.067e-01
11,30924267,snp_4179,1.205e-03
11,26570270,snp_4180,2.055e-02
11,19492585,snp_4181,9.405e-02
11,6564094,snp_4182,3.758e-01
11,10868221,snp_4183,1.212e-02
11,32795038,snp_4184,1.882e-01
11,20019900,snp_4185,1.782e-01
11,27679636,snp_4186,3.226e-02
11,15863439,snp_4187,7.812e-01
11,17255022,snp_4188,4.656e-01
11,25333829,snp_4189,1.289e-02
11,2745742,snp_4190,3.175e-02
11,20349661,snp_4191,2.098e-03
11,32360659,snp_4192,1.463e-01
11,15179007,snp_4193,4.535e-03
11,26721404,snp_4194,1.365e-01
11,4831893,snp_4195,2.812e-03
11,1993134,snp_4196,1.669e-01
11,21378628,snp_4197,9.654e-02
11,27854556,snp_4198,3.361e-02
11,4934446,snp_4199,1.398e-01
11,10807534,snp_4200,1.105e-03
11,20422984,snp_4201,2.333e-02
11,27830906,snp_4202,1.109e-02
11,32342186,snp_4203,1.539e-02
11,4064612,snp_4204,6.115e-03
11,24837500,snp_4205,2.371e-01
11,26976938,snp_4206,1.308e-01
11,26702079,snp_4207,5.037e-02
11,27643487,snp_4208,8.276e-01
11,8813503,snp_4209,3.350e-01
11,853824,snp_4210,1.066e-02
11,25745189,snp_4211,5.222e-01
11,15700903,snp_4212,1.845e-03
11,4984917,snp_4213,1.269e-02
11,18751155,snp_4214,1.578e-02
11,25613080,snp_4215,4.287e-01
11,9237792,snp_4216,1.368e-01
11,23851485,snp_4217,4.099e-02
11,5501134,snp_4218,3.722e-01
11,32287474,snp_4219,3.841e-01
11,29303311,snp_4220,2.089e-02
11,12455037,snp_4221,1.047e-01
11,24331168,snp_4222,2.124e-02
11,21237488,snp_4223,1.105e-02
11,13357221,snp_4224,9.694e-02
11,28234012,snp_4225,7.049e-01
11,9553771,snp_4226,1.912e-02
11,19199120,snp_4227,2.210e-03
11,1886352,snp_4228,6.824e-03
11,4453111,snp_4229,5.775e-01
11,2292787,snp_4230,3.183e-01
11,17654185,snp_4231,1.502e-03
11,7936357,snp_4232,5.294e-03
11,32835013,snp_4233,8.963e-02
11,13934822,snp_4234,5.432e-03
11,16630120,snp_4235,2.197e-02
11,17718306,snp_4236,1.139e-02
11,13372500,snp_4237,3.110e-01
11,27787326,snp_4238,3.529e-03
11,15145683,snp_4239,4.074e-01
11,30778600,snp_4240,1.516e-01
11,8079939,snp_4241,1.117e-02
11,18832885,snp_4242,6.240e-01
11,28464317,snp_4243,1.926e-01
11,1431664,snp_4244,2.013e-01
11,7857067,snp_4245,3.160e-01
11,29396024,snp_4246,2.974e-02
11,10905959,snp_4247,5.247e-03
11,22634634,snp_4248,7.820e-01
11,25852005,snp_4249,3.147e-02
11,22613665,snp_4250,7.825e-03
11,18574428,snp_4251,6.786e-01
11,19912980,snp_4252,2.157e-01
11,19678974,snp_4253,8.490e-01
11,23700449,snp_4254,1.715e-02
11,12431271,snp_4255,1.992e-03
11,5544294,snp_4256,2.100e-01
11,18108368,snp_4257,1.779e-03
11,25133290,snp_4258,1.318e-01
11,18784869,snp_4259,2.773e-02
11,5398549,snp_4260,2.266e-01
11,20519143,snp_4261,9.189e-02
11,11044679,snp_4262,1.521e-01
11,4024265,snp_4263,1.283e-01
11,973159,snp_4264,1.479e-02
11,21997925,snp_4265,2.755e-02
11,13700089,snp_4266,2.539e-01
11,1406852,snp_4267,3.770e-03
11,25084645,snp_4268,2.350e-03
11,6758772,snp_4269,1.853e-02
11,25235246,snp_4270,3.111e-03
11,22767799,snp_4271,2.160e-03
11,27618962,snp_4272,7.678e-02
11,1835980,snp_4273,1.268e-02
11,19142284,snp_4274,2.193e-03
11,8521215,snp_4275,2.769e-02
11,10465307,snp_4276,2.049e-01
11,6109599,snp_4277,9.224e-02
11,16871136,snp_4278,6.701e-03
11,24313204,snp_4279,3.974e-02
11,13195689,snp_4280,5.323e-03
11,31095853,snp_4281,3.416e-02
11,20151791,snp_4282,4.025e-03
11,22525264,snp_4283,1.526e-03
11,2623038,snp_4284,4.301e-01
11,9142,snp_4285,7.210e-01
11,1689435,snp_4286,8.259e-01
11,9260731,snp_4287,8.912e-01
11,15029599,snp_4288,6.312e-03
11,32459796,snp_4289,4.604e-01
11,12428959,snp_4290,1.109e-02
11,32788436,snp_4291,5.775e-03
11,12590082,snp_4292,1.331e-01
11,22072805,snp_4293,1.182e-01
11,1181697,snp_4294,3.943e-01
11,4789840,snp_4295,4.000e-02
11,31481730,snp_4296,1.120e-03
11,30884694,snp_4297,3.936e-01
11,21501549,snp_4298,1.381e-03
11,26771416,snp_4299,2.255e-03
11,31474893,snp_4300,2.723e-01
11,3802030,snp_4301,6.484e-03
11,15373509,snp_4302,2.163e-03
11,23467247,snp_4303,1.394e-01
11,761810,snp_4304,1.943e-02
11,2137081,snp_4305,8.113e-03
11,7276562,snp_4306,5.988e-02
11,12745559,snp_4307,6.924e-01
11,14605008,snp_4308,3.769e-02
11,5910484,snp_4309,8.144e-01
11,30305274,snp_4310,1.030e-02
11,32399702,snp_4311,2.316e-03
11,23973225,snp_4312,6.750e-03
11,6845088,snp_4313,1.450e-01
11,22667713,snp_4314,1.284e-03
11,6351076,snp_4315,8.231e-03
11,27365473,snp_4316,1.029e-03
11,1490027,snp_4317,1.943e-02
11,28940641,snp_4318,2.000e-02
11,23738363,snp_4319,4.109e-03
11,24164618,snp_4320,5.748e-03
11,9675619,snp_4321,4.888e-01
11,12403544,snp_4322,3.380e-03
11,18390709,snp_4323,7.061e-02
11,30454293,snp_4324,6.423e-03
11,18261583,snp_4325,1.009e-01
11,21589499,snp_4326,5.615e-02
11,19593624,snp_4327,7.117e-02
11,33213010,snp_4328,4.858e-03
11,4985540,snp_4329,9.240e-03
11,30035824,snp_4330,9.050e-03
11,13772186,snp_4331,1.300e-03
11,2919247,snp_4332,1.596e-01
11,4648122,snp_4333,1.668e-03
11,21797182,snp_4334,4.171e-02
11,18209063,snp_4335,8.770e-03
11,30046354,snp_4336,8.646e-02
11,31010744,snp_4337,1.125e-03
11,4898323,snp_4338,8.753e-02
11,21366053,snp_4339,5.661e-03
11,28741387,snp_4340,1.810e-02
11,33000908,snp_4341,4.100e-03
11,27849448,snp_4342,6.036e-02
11,27807501,snp_4343,2.248e-03
11,33449099,snp_4344,2.214e-02
11,17545725,snp_4345,1.788e-02
11,8601742,snp_4346,2.119e-02
11,31820921,snp_4347,5.859e-03
11,23098890,snp_4348,4.229e-03
11,16519500,snp_4349,9.768e-02
11,28247366,snp_4350,7.058e-02
11,31639854,snp_4351,2.551e-02
11,27669637,snp_4352,2.013e-01
11,11857730,snp_4353,5.577e-02
11,25380202,snp_4354,4.326e-01
11,21628508,snp_4355,4.090e-02
11,28175791,snp_4356,2.037e-03
11,6359900,snp_4357,8.876e-01
11,26799494,snp_4358,2.895e-02
11,3640411,snp_4359,3.343e-01
11,2438403,snp_4360,1.403e-03
11,8166659,snp_4361,5.649e-02
11,27867901,snp_4362,2.245e-02
11,3261729,snp_4363,3.526e-03
11,793779,snp_4364,7.215e-01
11,4088694,snp_4365,2.524e-01
11,26207640,snp_4366,5.490e-01
11,8558407,snp_4367,1.395e-03
11,14248062,snp_4368,7.858e-02
11,13609248,snp_4369,7.788e-03
11,10138210,snp_4370,6.399e-02
11,7039256,snp_4371,4.851e-02
11,19913728,snp_4372,3.456e-02
11,20761768,snp_4373,6.706e-01
11,16592223,snp_4374,7.195e-01
11,10793897,snp_4375,7.218e-01
11,23660171,snp_4376,2.568e-03
11,12959331,snp_4377,2.290e-02
11,3309668,snp_4378,8.292e-03
11,20945088,snp_4379,8.211e-02
11,32802692,snp_4380,3.189e-02
11,922864,snp_4381,6.854e-01
11,16461025,snp_4382,1.895e-03
11,16036315,snp_4383,2.218e-02
11,2801699,snp_4384,6.507e-03
11,24165941,snp_4385,1.695e-03
11,15354652,snp_4386,5.499e-03
11,8151303,snp_4387,1.115e-03
11,1159726,snp_4388,1.087e-01
11,26244649,snp_4389,2.684e-03
11,7313026,snp_4390,5.479e-02
11,347624,snp_4391,3.726e-01
11,29133752,snp_4392,4.431e-03
11,31592918,snp_4393,4.354e-02
11,16954881,snp_4394,3.834e-02
11,23541962,snp_4395,6.381e-02
11,31236387,snp_4396,1.051e-02
11,1645090,snp_4397,1.668e-02
11,23578619,snp_4398,3.171e-02
11,30469180,snp_4399,1.215e-01
12,1013761,snp_4400,1.502e-02
12,10864951,snp_4401,8.393e-03
12,24660487,snp_4402,5.289e-01
12,12275854,snp_4403,1.642e-01
12,9861082,snp_4404,5.671e-03
12,16648128,snp_4405,2.685e-01
12,9591603,snp_4406,1.144e-01
12,5688531,snp_4407,2.492e-03
12,14858186,snp_4408,3.123e-02
12,18174669,snp_4409,3.674e-03
12,24137938,snp_4410,4.051e-01
12,4186611,snp_4411,3.636e-01
12,24921006,snp_4412,1.461e-02
12,602867,snp_4413,3.065e-02
12,20224508,snp_4414,4.804e-02
12,18036693,snp_4415,2.004e-03
12,9376934,snp_4416,2.222e-02
12,10658540,snp_4417,7.097e-01
12,11108345,snp_4418,7.568e-03
12,1704312,snp_4419,4.928e-01
12,22349055,snp_4420,9.753e-03
12,12084371,snp_4421,2.845e-02
12,6192893,snp_4422,1.632e-03
12,3501561,snp_4423,7.566e-01
12,2199245,snp_4424,2.506e-01
12,5003492,snp_4425,1.008e-02
12,13899561,snp_4426,2.022e-02
12,12167226,snp_4427,1.219e-03
12,16709009,snp_4428,1.709e-02
12,2949635,snp_4429,6.803e-01
12,5154480,snp_4430,1.159e-01
12,19010147,snp_4431,6.272e-02
12,9467836,snp_4432,2.786e-02
12,309742,snp_4433,2.527e-02
12,6769723,snp_4434,2.426e-02
12,7723401,snp_4435,3.599e-03
12,8135486,snp_4436,1.703e-01
12,12231118,snp_4437,2.089e-01
12,16906933,snp_4438,3.460e-02
12,5451741,snp_4439,2.763e-01
12,14080681,snp_4440,1.260e-02
12,21863052,snp_4441,5.505e-01
12,16984486,snp_4442,2.626e-03
12,3702074,snp_4443,5.087e-03
12,12162355,snp_4444,1.071e-03
12,1848205,snp_4445,2.911e-01
12,15962452,snp_4446,5.372e-02
12,15928909,snp_4447,1.528e-03
12,21080967,snp_4448,5.638e-02
12,19156007,snp_4449,6.659e-01
12,8159887,snp_4450,6.107e-02
12,4903905,snp_4451,6.410e-03
12,9514269,snp_4452,4.198e-02
12,21294757,snp_4453,1.937e-01
12,23105926,snp_4454,3.435e-02
12,24172227,snp_4455,2.798e-02
12,10350647,snp_4456,2.388e-03
12,16176413,snp_4457,1.730e-01
12,13271686,snp_4458,3.044e-02
12,1910974,snp_4459,1.515e-02
12,10625233,snp_4460,1.963e-02
12,17936519,snp_4461,4.547e-03
12,19679154,snp_4462,6.794e-01
12,7062572,snp_4463,1.323e-01
12,16553804,snp_4464,1.095e-03
12,8694439,snp_4465,3.040e-03
12,15411350,snp_4466,1.730e-03
12,21778678,snp_4467,3.662e-02
12,12419487,snp_4468,5.195e-03
12,21374583,snp_4469,1.625e-02
12,14262857,snp_4470,8.661e-03
12,15259756,snp_4471,4.284e-03
12,3494943,snp_4472,9.029e-02
12,17604248,snp_4473,1.183e-03
12,13563993,snp_4474,1.354e-02
12,1602362,snp_4475,1.242e-02
12,23784534,snp_4476,2.341e-03
12,15134793,snp_4477,1.896e-01
12,23597625,snp_4478,9.856e-02
12,6095705,snp_4479,2.431e-01
12,24756625,snp_4480,2.421e-01
12,8529347,snp_4481,9.026e-03
12,7091411,snp_4482,1.537e-02
12,17050743,snp_4483,2.479e-01
12,15608872,snp_4484,4.253e-03
12,20425828,snp_4485,8.307e-03
12,4836698,snp_4486,8.440e-03
12,18143940,snp_4487,2.084e-02
12,5205840,snp_4488,3.846e-02
12,13242513,snp_4489,4.020e-01
12,18401643,snp_4490,1.231e-01
12,6289521,snp_4491,1.533e-02
12,16128031,snp_4492,9.011e-02
12,22590735,snp_4493,3.645e-03
12,9547785,snp_4494,6.233e-02
12,18256488,snp_4495,1.582e-03
12,11688549,snp_4496,8.767e-02
12,6485534,snp_4497,5.463e-01
12,3168075,snp_4498,6.905e-02
12,14020870,snp_4499,6.172e-02
12,1694328,snp_4500,3.586e-03
12,6487702,snp_4501,3.087e-02
12,23799560,snp_4502,2.116e-02
12,20907390,snp_4503,2.768e-02
12,10706116,snp_4504,1.466e-01
12,24991805,snp_4505,1.250e-02
12,12464605,snp_4506,4.277e-01
12,11130778,snp_4507,1.062e-01
12,3557578,snp_4508,3.867e-01
12,19353417,snp_4509,1.040e-03
12,1044776,snp_4510,5.529e-01
12,2736064,snp_4511,2.350e-02
12,3244275,snp_4512,4.646e-01
12,18918004,snp_4513,5.028e-02
12,1016839,snp_4514,1.005e-02
12,1524593,snp_4515,4.181e-01
12,24871086,snp_4516,6.718e-03
12,7235672,snp_4517,1.738e-01
12,5612529,snp_4518,1.476e-02
12,19139601,snp_4519,1.632e-03
12,9001721,snp_4520,1.789e-01
12,584430,snp_4521,1.686e-02
12,19410113,snp_4522,2.774e-01
12,24605362,snp_4523,6.597e-02
12,13792432,snp_4524,7.917e-01
12,4083813,snp_4525,1.840e-02
12,15636332,snp_4526,1.192e-03
12,20611843,snp_4527,3.824e-01
12,6268283,snp_4528,5.638e-02
12,6162150,snp_4529,1.418e-02
12,22708159,snp_4530,1.750e-03
12,7115562,snp_4531,8.723e-01
12,17088348,snp_4532,4.636e-02
12,21919129,snp_4533,2.778e-03
12,11359747,snp_4534,1.841e-01
12,21572529,snp_4535,5.557e-02
12,11308007,snp_4536,3.209e-01
12,22612254,snp_4537,2.759e-03
12,19113315,snp_4538,7.622e-01
12,19478975,snp_4539,2.212e-01
12,17143077,snp_4540,4.591e-02
12,22281983,snp_4541,8.715e-02
12,527442,snp_4542,2.836e-02
12,9876282,snp_4543,4.421e-02
12,5231431,snp_4544,3.339e-01
12,1969574,snp_4545,3.027e-03
12,17396853,snp_4546,2.840e-01
12,10286346,snp_4547,2.028e-01
12,8994441,snp_4548,1.384e-01
12,18202825,snp_4549,1.993e-03
12,9660970,snp_4550,2.295e-03
12,24459099,snp_4551,8.411e-03
12,14342331,snp_4552,1.111e-02
12,1647188,snp_4553,7.022e-03
12,557065,snp_4554,1.835e-02
12,9153701,snp_4555,7.754e-01
12,11108363,snp_4556,4.328e-02
12,10798911,snp_4557,4.569e-02
12,8866234,snp_4558,1.432e-01
12,23210080,snp_4559,1.526e-01
12,4025315,snp_4560,2.012e-01
12,14907192,snp_4561,2.657e-02
12,13518098,snp_4562,2.359e-01
12,924058,snp_4563,6.679e-02
12,1221574,snp_4564,1.887e-01
12,18003486,snp_4565,3.032e-01
12,15669882,snp_4566,2.085e-02
12,6375171,snp_4567,2.515e-02
12,6496218,snp_4568,3.239e-01
12,3606123,snp_4569,4.614e-02
12,22176626,snp_4570,2.519e-01
12,10425313,snp_4571,2.874e-01
12,1700247,snp_4572,2.389e-03
12,15809781,snp_4573,1.823e-02
12,19938414,snp_4574,2.388e-03
12,22069648,snp_4575,5.805e-03
12,7338913,snp_4576,3.654e-02
12,10776663,snp_4577,2.849e-01
12,437463,snp_4578,1.300e-03
12,15343585,snp_4579,5.281e-01
12,19677073,snp_4580,1.433e-01
12,19939505,snp_4581,2.370e-02
12,19835516,snp_4582,2.077e-02
12,9393288,snp_4583,2.643e-01
12,13587372,snp_4584,2.506e-01
12,20035359,snp_4585,9.769e-02
12,4374036,snp_4586,1.402e-01
12,20707460,snp_4587,2.967e-02
12,22783345,snp_4588,6.141e-02
12,4251994,snp_4589,3.683e-02
12,21553558,snp_4590,1.723e-01
12,15504874,snp_4591,7.358e-02
12,19939858,snp_4592,3.854e-02
12,11583267,snp_4593,7.160e-03
12,18164529,snp_4594,2.964e-01
12,15429551,snp_4595,6.688e-01
12,25024361,snp_4596,3.541e-01
12,7312421,snp_4597,2.453e-02
12,12474711,snp_4598,5.308e-03
12,14011509,snp_4599,6.421e-03
12,22629421,snp_4600,3.745e-02
12,16482167,snp_4601,2.612e-02
12,20022027,snp_4602,1.764e-02
12,21326718,snp_4603,5.684e-02
12,6401618,snp_4604,1.535e-03
12,4249302,snp_4605,2.625e-03
12,3214174,snp_4606,6.959e-01
12,1869261,snp_4607,1.037e-03
12,21436665,snp_4608,4.066e-01
12,23020819,snp_4609,6.628e-02
12,7625983,snp_4610,7.578e-01
12,12405078,snp_4611,5.452e-03
12,5488607,snp_4612,4.608e-03
12,19104488,snp_4613,4.194e-02
12,15032850,snp_4614,5.148e-03
12,3560576,snp_4615,4.059e-03
12,10091684,snp_4616,3.390e-01
12,22927591,snp_4617,1.924e-03
12,6439558,snp_4618,5.919e-02
12,18150796,snp_4619,7.143e-02
12,5211644,snp_4620,3.675e-01
12,24432703,snp_4621,1.683e-01
12,3705508,snp_4622,1.153e-02
12,2578798,snp_4623,7.024e-02
12,8925432,snp_4624,1.851e-03
12,22584963,snp_4625,2.384e-03
12,1989090,snp_4626,1.210e-01
12,20905760,snp_4627,2.103e-02
12,1031786,snp_4628,1.135e-03
12,21569788,snp_4629,5.625e-01
12,8439060,snp_4630,1.083e-01
12,12901462,snp_4631,8.268e-01
12,2579254,snp_4632,5.678e-03
12,14298564,snp_4633,5.934e-01
12,12972476,snp_4634,1.229e-02
12,9452760,snp_4635,4.240e-02
12,8504967,snp_4636,1.386e-02
12,8833026,snp_4637,9.698e-02
12,9368767,snp_4638,3.858e-03
12,14910415,snp_4639,2.206e-03
12,19311867,snp_4640,4.693e-02
12,13086157,snp_4641,9.646e-03
12,13952287,snp_4642,5.503e-03
12,12881862,snp_4643,1.009e-03
12,3903913,snp_4644,3.289e-03
12,8405953,snp_4645,6.965e-03
12,18623338,snp_4646,1.192e-02
12,3665127,snp_4647,5.032e-03
12,4998837,snp_4648,1.350e-02
12,7021080,snp_4649,1.997e-01
12,1120619,snp_4650,8.208e-01
12,3384817,snp_4651,5.197e-02
12,4930857,snp_4652,3.904e-03
12,22486176,snp_4653,4.905e-02
12,14466522,snp_4654,1.067e-03
12,5362463,snp_4655,1.063e-03
12,4160085,snp_4656,6.910e-01
12,18516099,snp_4657,4.249e-03
12,5578332,snp_4658,1.780e-03
12,4216417,snp_4659,9.243e-03
12,2908572,snp_4660,9.445e-03
12,20666315,snp_4661,8.688e-02
12,18533513,snp_4662,7.116e-02
12,11939264,snp_4663,1.344e-03
12,14692019,snp_4664,2.156e-02
12,22948528,snp_4665,5.765e-03
12,16079154,snp_4666,9.699e-02
12,3961666,snp_4667,8.674e-03
12,18244334,snp_4668,2.605e-02
12,7102677,snp_4669,1.578e-02
12,22827951,snp_4670,1.917e-01
12,565872,snp_4671,3.342e-02
12,8355071,snp_4672,2.811e-02
12,12701768,snp_4673,6.507e-03
12,10304239,snp_4674,1.385e-03
12,7646976,snp_4675,2.534e-03
12,2711499,snp_4676,3.262e-01
12,5693689,snp_4677,4.353e-03
12,22424550,snp_4678,1.645e-01
12,23046520,snp_4679,1.653e-03
12,17755934,snp_4680,2.869e-02
12,10506295,snp_4681,5.894e-02
12,14425429,snp_4682,1.169e-01
12,6174109,snp_4683,1.294e-02
12,24149407,snp_4684,9.874e-03
12,19731298,snp_4685,1.652e-03
12,1448799,snp_4686,5.656e-02
12,11003359,snp_4687,5.346e-02
12,24909846,snp_4688,9.233e-02
12,9430193,snp_4689,1.100e-01
12,12387214,snp_4690,1.015e-03
12,23623485,snp_4691,6.036e-02
12,5449350,snp_4692,4.799e-02
12,5986135,snp_4693,1.708e-01
12,20484009,snp_4694,9.088e-02
12,15225137,snp_4695,1.582e-02
12,21723165,snp_4696,4.498e-01
12,2095689,snp_4697,5.951e-03
12,3820305,snp_4698,4.851e-02
12,22827726,snp_4699,1.562e-03
12,20205464,snp_4700,7.811e-03
12,3867190,snp_4701,6.288e-01
12,11997362,snp_4702,7.138e-01
12,7419879,snp_4703,2.894e-03
12,17281293,snp_4704,1.744e-03
12,17822200,snp_4705,9.663e-03
12,2228338,snp_4706,2.901e-01
12,7886942,snp_4707,4.519e-01
12,25367045,snp_4708,5.094e-01
12,1006053,snp_4709,8.900e-01
12,23488940,snp_4710,4.177e-03
12,22839816,snp_4711,3.301e-03
12,12484987,snp_4712,1.450e-01
12,7420017,snp_4713,3.029e-03
12,1825118,snp_4714,1.388e-02
12,3529281,snp_4715,3.856e-02
12,21702716,snp_4716,3.060e-01
12,19759537,snp_4717,2.698e-02
12,12639163,snp_4718,1.949e-01
12,7223168,snp_4719,6.159e-02
12,8622512,snp_4720,2.949e-01
12,12034335,snp_4721,4.122e-02
12,24231212,snp_4722,1.112e-01
12,16638399,snp_4723,3.522e-03
12,10641863,snp_4724,1.603e-03
12,20222475,snp_4725,2.825e-03
12,16963431,snp_4726,2.132e-01
12,11744755,snp_4727,7.507e-03
12,936899,snp_4728,5.980e-01
12,22281854,snp_4729,3.268e-01
12,25415680,snp_4730,3.784e-01
12,18402335,snp_4731,1.308e-01
12,8471544,snp_4732,1.014e-01
12,6091612,snp_4733,3.383e-02
12,10435909,snp_4734,1.610e-03
12,17014708,snp_4735,9.304e-03
12,18570650,snp_4736,1.142e-01
12,18054566,snp_4737,2.032e-03
12,16706946,snp_4738,7.509e-02
12,9949956,snp_4739,8.551e-02
12,1245345,snp_4740,2.942e-03
12,20461040,snp_4741,6.321e-02
12,20687423,snp_4742,3.825e-02
12,24609253,snp_4743,4.345e-03
12,21961881,snp_4744,4.204e-02
12,20770486,snp_4745,5.642e-03
12,18010615,snp_4746,1.018e-02
12,24393156,snp_4747,5.408e-03
12,22103430,snp_4748,2.555e-01
12,22129917,snp_4749,2.922e-01
12,6380499,snp_4750,4.732e-01
12,22291512,snp_4751,9.185e-02
12,1070004,snp_4752,3.436e-01
12,13055929,snp_4753,3.081e-02
12,7074611,snp_4754,2.256e-01
12,4596013,snp_4755,6.864e-01
12,234880,snp_4756,7.689e-02
12,8732131,snp_4757,1.368e-02
12,8584886,snp_4758,4.380e-01
12,19644781,snp_4759,1.232e-03
12,5135791,snp_4760,3.266e-01
12,17322438,snp_4761,2.628e-03
12,18944211,snp_4762,1.391e-01
12,9947306,snp_4763,2.456e-02
12,15034324,snp_4764,1.647e-03
12,5007157,snp_4765,4.779e-03
12,18618786,snp_4766,6.819e-01
12,24547892,snp_4767,1.609e-02
12,7388569,snp_4768,1.022e-03
12,11621260,snp_4769,1.291e-01
12,456128,snp_4770,1.627e-02
12,24571908,snp_4771,5.818e-01
12,21121122,snp_4772,5.238e-02
12,11802203,snp_4773,2.193e-03
12,14561003,snp_4774,1.686e-03
12,21254777,snp_4775,1.961e-01
12,6739501,snp_4776,2.089e-03
12,21696842,snp_4777,3.472e-03
12,17018856,snp_4778,1.739e-02
12,10052265,snp_4779,8.657e-01
12,5836158,snp_4780,1.976e-01
12,20916273,snp_4781,1.758e-01
12,57297,snp_4782,6.443e-01
12,1937716,snp_4783,3.805e-03
12,13628117,snp_4784,1.979e-03
12,23931088,snp_4785,7.976e-01
12,22113921,snp_4786,6.143e-03
12,19522855,snp_4787,4.221e-03
12,19576873,snp_4788,9.845e-03
12,12644767,snp_4789,1.732e-02
12,13598388,snp_4790,2.092e-02
12,19851187,snp_4791,2.673e-03
12,23567309,snp_4792,6.344e-02
12,18477482,snp_4793,2.674e-01
12,16704931,snp_4794,8.092e-01
12,10935449,snp_4795,9.552e-02
12,6253092,snp_4796,3.423e-02
12,2532335,snp_4797,1.597e-03
12,18612307,snp_4798,2.827e-01
12,7442631,snp_4799,1.554e-01
